,_id,Name,Address,Geocodes
0,1700,Delano Jt Union High School District,"1747 Princeton St, Delano, CA 93215, USA","{'lat': 35.7785136, 'lng': -119.2366311}"
1,1701,Buena Park School District,"6885 Orangethorpe Ave, Buena Park, CA 90620, USA","{'lat': 33.8593787, 'lng': -118.0147205}"
2,1702,Mariposa County office of education,"8th St, Mariposa, CA 95338, USA","{'lat': 37.487575, 'lng': -119.9669095}"
3,1703,Bellarmine-Jefferson High School,"465 E Olive Ave, Burbank, CA 91501, USA","{'lat': 34.1841391, 'lng': -118.3056917}"
4,1704,Ocean City Christian School,"13225 Danielson St, Poway, CA 92064, USA","{'lat': 32.9395465, 'lng': -117.0427216}"
5,1705,The Meadows School,"31441 Santa Margarita Pkwy A, Rancho Santa Margarita, CA 92688, USA","{'lat': 33.6504199, 'lng': -117.582712}"
6,1706,Rescue Union School District,"2390 Bass Lake Rd, Rescue, CA 95672, USA","{'lat': 38.6961837, 'lng': -121.0079668}"
7,1707,Fremont Union High School District,"589 W Fremont Ave, Sunnyvale, CA 94087, USA","{'lat': 37.3527513, 'lng': -122.0374752}"
8,1708,Lutheran High School of Orange County,"N Santiago Blvd, Orange, CA 92867, USA","{'lat': 33.830162, 'lng': -117.8314428}"
9,1709,Morongo Unified School District,"Twentynine Palms, CA 92277, USA","{'lat': 34.1355582, 'lng': -116.0541689}"
10,1710,Jewish Community High School of the Bay,"1835 Ellis St, San Francisco, CA 94115, USA","{'lat': 37.7814256, 'lng': -122.436417}"
11,1711,Ventura Unified School District,"255 W Stanley Ave, Ventura, CA 93001, USA","{'lat': 34.3016705, 'lng': -119.2986786}"
12,1712,Susanville Elem Sch District,"109 S Gilman St, Susanville, CA 96130, USA","{'lat': 40.4138127, 'lng': -120.6453807}"
13,1713,David Burcham K-8 School,"1515 Hughes Way, Long Beach, CA 90810, USA","{'lat': 33.8289941, 'lng': -118.2136905}"
14,1714,Santa Ana Unified School District,"910 Coastline Dr, Seal Beach, CA 90740, USA","{'lat': 33.7453035, 'lng': -118.1017802}"
15,1715,Clovis Unified School District,"1450 Herndon Ave, Clovis, CA 93611, USA","{'lat': 36.8369109, 'lng': -119.6892979}"
16,1716,Encinitas Union School District,"8000 Calle Acervo, Carlsbad, CA 92009, USA","{'lat': 33.0616765, 'lng': -117.2388134}"
17,1717,Fremont Union High School District,"1280 Johnson Ave, San Jose, CA 95129, USA","{'lat': 37.3011698, 'lng': -122.0053339}"
18,1718,International School of the Peninsula,"151 Laura Ln, Palo Alto, CA 94303, USA","{'lat': 37.4525648, 'lng': -122.1255019}"
19,1719,Sacramento Adventist Academy,"5621 Winding Way, Carmichael, CA 95608, USA","{'lat': 38.6480181, 'lng': -121.3335934}"
20,1720,Lindsay Unified School District,"519 E Honolulu St, Lindsay, CA 93247, USA","{'lat': 36.20358969999999, 'lng': -119.0848018}"
21,1721,Dinuba Unified School District,"305 E Kamm Ave, Dinuba, CA 93618, USA","{'lat': 36.53271, 'lng': -119.3915179}"
22,1722,Campbell Union High School District,"3235 Union Ave, San Jose, CA 95124, USA","{'lat': 37.2652374, 'lng': -121.9320042}"
23,1723,Rincon Valley Union School District,"4995 Sonoma Hwy, Santa Rosa, CA 95409, USA","{'lat': 38.465691, 'lng': -122.6627112}"
24,1724,Perris Union High School District,"155 E 4th St, Perris, CA 92570, USA","{'lat': 33.7819748, 'lng': -117.2273527}"
25,1725,Perris Union High School District,"155 E 4th St, Perris, CA 92570, USA","{'lat': 33.7819748, 'lng': -117.2273527}"
26,1726,St. Ignatius College Prep,"2001 37th Ave, San Francisco, CA 94116, USA","{'lat': 37.74744, 'lng': -122.4966069}"
27,1727,Palo Alto Unified School District,"25 Churchill Ave, Palo Alto, CA 94306, USA","{'lat': 37.4335666, 'lng': -122.1549132}"
28,1728,Christian Brothers High School,"4315 Martin Luther King Jr Blvd, Sacramento, CA 95820, USA","{'lat': 38.5362175, 'lng': -121.4640073}"
29,1729,San Gabriel Mission High School,"254 S Santa Anita St, San Gabriel, CA 91776, USA","{'lat': 34.0987638, 'lng': -118.10701}"
30,1730,Panama-Buena Vista Union School District,"4200 Ashe Rd, Bakersfield, CA 93313, USA","{'lat': 35.3168768, 'lng': -119.0738565}"
31,1731,Paraclete High School,"42145 30th St W, Lancaster, CA 93536, USA","{'lat': 34.6481996, 'lng': -118.1843988}"
32,1732,Culver City Unified School,"4034 Irving Pl, Culver City, CA 90232, USA","{'lat': 34.0224609, 'lng': -118.3937481}"
33,1733,Santa Rita Union School District,"700 Pacific St, Monterey, CA 93940, USA","{'lat': 36.59540190000001, 'lng': -121.8986833}"
34,1734,Panama-Buena Vista Union School District,"4200 Ashe Rd, Bakersfield, CA 93313, USA","{'lat': 35.3168768, 'lng': -119.0738565}"
35,1735,Campbell Union High School District,"5210 Leigh Ave, San Jose, CA 95124, USA","{'lat': 37.241732, 'lng': -121.9209107}"
36,1736,Saint Mary's College High School,"1294 Albina Avenue, Peralta Park, Berkeley, CA 94706, USA","{'lat': 37.8831864, 'lng': -122.2843735}"
37,1737,Abraham Lincoln High School,"1101 Eucalyptus Dr, San Francisco, CA 94132, USA","{'lat': 37.7306904, 'lng': -122.4830772}"
38,1738,Windsor Unified School District,"8681 Windsor Rd, Windsor, CA 95492, USA","{'lat': 38.5411671, 'lng': -122.8196168}"
39,1739,San Ramon Valley Unified School District,"3131 Stone Valley Rd, Danville, CA 94526, USA","{'lat': 37.8438451, 'lng': -121.9817492}"
40,1740,Coronado Schools Foundation,"1825 Strand Way, Coronado, CA 92118, USA","{'lat': 32.6779748, 'lng': -117.1729343}"
41,1741,Coyote Valley Elementary School,"20932 Big Canyon Rd, Middletown, CA 95461, USA","{'lat': 38.7565527, 'lng': -122.612908}"
42,1742,Orinda Un Elementary Schl Dst,"8 Altarinda Rd, Orinda, CA 94563, USA","{'lat': 37.8823078, 'lng': -122.1844052}"
43,1743,Badger Springs Middle School,"25634 Alessandro Blvd, Moreno Valley, CA 92553, USA","{'lat': 33.9184088, 'lng': -117.2152448}"
44,1744,Ross Valley School District,"110 Shaw Dr, San Anselmo, CA 94960, USA","{'lat': 37.9828611, 'lng': -122.5619098}"
45,1745,Cathedral High School,"1253 Bishops Rd, Los Angeles, CA 90012, USA","{'lat': 34.0692128, 'lng': -118.2347537}"
46,1746,ARISE HIGH SCHOOL,"3301 E 12th St # 205, Oakland, CA 94601, USA","{'lat': 37.7758732, 'lng': -122.2245076}"
47,1747,Saint Francis High School,"1885 Miramonte Ave, Mountain View, CA 94040, USA","{'lat': 37.3693131, 'lng': -122.0863471}"
48,1748,Moreau Catholic High School,"27170 Mission Blvd, Hayward, CA 94544, USA","{'lat': 37.6439003, 'lng': -122.0598632}"
49,1749,Brush Creek Montessori School,"1569 Brush Creek Rd, Santa Rosa, CA 95404, USA","{'lat': 38.466016, 'lng': -122.6814033}"
50,1750,Environmental Charter High School,"16315 Grevillea Ave, Lawndale, CA 90260, USA","{'lat': 33.8823576, 'lng': -118.3551435}"
51,1751,Bishop O'Dowd High School,"9500 Stearns Ave, Oakland, CA 94605, USA","{'lat': 37.7530897, 'lng': -122.1550906}"
52,1752,Mercy High School,"2750 Adeline Dr, Burlingame, CA 94010, USA","{'lat': 37.58265189999999, 'lng': -122.3830636}"
53,1753,New Community Jewish High School,"7353 Valley Cir Blvd, West Hills, CA 91304, USA","{'lat': 34.2061324, 'lng': -118.6543926}"
54,1754,Oaks Christian School,"31749 La Tienda Rd, Westlake Village, CA 91362, USA","{'lat': 34.1528374, 'lng': -118.8101754}"
55,1755,Roseville City School District,"1050 Main St, Roseville, CA 95678, USA","{'lat': 38.7525166, 'lng': -121.3066337}"
56,1756,St. Joseph High School,"5825 Woodruff Ave, Lakewood, CA 90713, USA","{'lat': 33.8616241, 'lng': -118.1177541}"
57,1757,Synergy School,"1387 Valencia St, San Francisco, CA 94110, USA","{'lat': 37.7508896, 'lng': -122.4202406}"
58,1758,Vistamar School,"737 Hawaii St, El Segundo, CA 90245, USA","{'lat': 33.9048331, 'lng': -118.3813396}"
59,1759,Academy of Our Lady of Peace,"4860 Oregon St, San Diego, CA 92116, USA","{'lat': 32.7649767, 'lng': -117.1356209}"
60,1760,Arcadia Unified School District,"2601 Longley Way, Arcadia, CA 91007, USA","{'lat': 34.1091452, 'lng': -118.0417995}"
61,1761,Santa Clara Unified School District,"1889 Lawrence Rd, Santa Clara, CA 95051, USA","{'lat': 37.3570756, 'lng': -121.9954802}"
62,1762,Santa Rita Union School District,"4380 Carmel Valley Rd, Carmel-By-The-Sea, CA 93923, USA","{'lat': 36.5424365, 'lng': -121.8964159}"
63,1763,Santa Rita Union School District,"San Jose State University Monterey County Center, 901 Blanco Cir, Salinas, CA 93901, USA","{'lat': 36.6531737, 'lng': -121.6393927}"
64,1764,Novato Unified School District,"819 Olive Ave, Novato, CA 94945, USA","{'lat': 38.1098819, 'lng': -122.5664596}"
65,1765,Arvin High School,"Arvin, CA 93203, USA","{'lat': 35.2017986, 'lng': -118.833105}"
66,1766,Encinitas Union School District,"185 Union St, Encinitas, CA 92024, USA","{'lat': 33.0579659, 'lng': -117.2980014}"
67,1767,Encinitas Union School District,"910 Melba Rd, Encinitas, CA 92024, USA","{'lat': 33.0409934, 'lng': -117.2720665}"
68,1768,Lincoln Unified School District,"2010 W Swain Rd, Stockton, CA 95207, USA","{'lat': 37.9998267, 'lng': -121.334684}"
69,1769,William S Hart Union H S D,"24825 Newhall Ave, Santa Clarita, CA 91321, USA","{'lat': 34.3845283, 'lng': -118.537107}"
70,1770,Rocklin Unified School District,"6185 Springview Dr, Rocklin, CA 95677, USA","{'lat': 38.7777345, 'lng': -121.2580316}"
71,1771,Pasadena High School,"1919 Pinecrest Dr, Altadena, CA 91001, USA","{'lat': 34.1920255, 'lng': -118.1116023}"
72,1772,Encinitas Union School District,"101 S Rancho Santa Fe Rd, Encinitas, CA 92024, USA","{'lat': 33.0369923, 'lng': -117.2380955}"
73,1773,Crandall ISD,"3562 Howard Ave # B1, Los Alamitos, CA 90720, USA","{'lat': 33.8004819, 'lng': -118.0707722}"
74,1774,American Heritage School,"140 S Glassell St, Orange, CA 92866, USA","{'lat': 33.7867796, 'lng': -117.8532481}"
75,1775,Riverdale Joint Union School District,"Riverdale, CA 93656, USA","{'lat': 36.431061, 'lng': -119.8595833}"
76,1776,Jewish Community High School of the Bay,"1835 Ellis St, San Francisco, CA 94115, USA","{'lat': 37.7814256, 'lng': -122.436417}"
77,1777,Stuart Hall School for Boys,"2222 Broadway, San Francisco, CA 94123, USA","{'lat': 37.7946572, 'lng': -122.4342936}"
78,1778,Central Unified School Dst,"4605 N Polk Ave, Fresno, CA 93722, USA","{'lat': 36.801131, 'lng': -119.8923877}"
79,1779,Pinecrest School,"7220 Hazeltine Ave, Van Nuys, CA 91405, USA","{'lat': 34.2017911, 'lng': -118.4396299}"
80,1780,Guffey Community Charter School,"1200 E California Blvd, Pasadena, CA 91106, USA","{'lat': 34.1343155, 'lng': -118.1248915}"
81,1781,Pinecrest School,"10700 Balboa Blvd, Granada Hills, CA 91344, USA","{'lat': 34.2649745, 'lng': -118.5020177}"
82,1782,Alum Rock Educational Foundation,"2930 Gay Ave, San Jose, CA 95127, USA","{'lat': 37.3684843, 'lng': -121.8334646}"
83,1783,La Jolla High School,"750 Nautilus St, La Jolla, CA 92037, USA","{'lat': 32.8330746, 'lng': -117.2731227}"
84,1784,Everett School District 2,"7956 Keith Winney Cir, Sacramento, CA 95829, USA","{'lat': 38.4689033, 'lng': -121.3628964}"
85,1785,Holt High School,"2601 Lake Earl Dr, Crescent City, CA 95531, USA","{'lat': 41.79190699999999, 'lng': -124.184664}"
86,1786,Drew School,"2901 California St, San Francisco, CA 94115, USA","{'lat': 37.7876396, 'lng': -122.4423446}"
87,1787,Achieve,"3860 Middlefield Rd, Palo Alto, CA 94303, USA","{'lat': 37.4218423, 'lng': -122.1123685}"
88,1788,Chandler School,"1005 Armada Dr, Pasadena, CA 91103, USA","{'lat': 34.15949630000001, 'lng': -118.1631851}"
89,1789,Encinitas Union School District,"101 S Rancho Santa Fe Rd, Encinitas, CA 92024, USA","{'lat': 33.0369923, 'lng': -117.2380955}"
90,1790,Monterey Bay Academy,"783 San Andreas Rd, Watsonville, CA 95076, USA","{'lat': 36.9121324, 'lng': -121.8377574}"
91,1791,Poway Unified School District,"13626 Twin Peaks Rd, Poway, CA 92064, USA","{'lat': 32.9787847, 'lng': -117.0357789}"
92,1792,The Webb Schools,"1175 W Baseline Rd, Claremont, CA 91711, USA","{'lat': 34.1257925, 'lng': -117.739553}"
93,1793,Ventura Unified School District,"2 N Catalina St, Ventura, CA 93001, USA","{'lat': 34.278252, 'lng': -119.2679878}"
94,1794,Russell BEDE School,"446 Turner Terrace, San Mateo, CA 94401, USA","{'lat': 37.5725427, 'lng': -122.3345993}"
95,1795,Santee School District,"9625 Cuyamaca St, Santee, CA 92071, USA","{'lat': 32.8530717, 'lng': -116.9828967}"
96,1796,Arcadia Unified School District,"234 Campus Dr, Arcadia, CA 91007, USA","{'lat': 34.1304649, 'lng': -118.0405373}"
97,1797,First Baptist Church,"625 Magdalena Ave, Los Altos, CA 94024, USA","{'lat': 37.3596511, 'lng': -122.0998991}"
98,1798,Sonoma Valley Adult School,"109 Patten St, Sonoma, CA 95476, USA","{'lat': 38.289745, 'lng': -122.4568889}"
99,1799,Menlo Park City School District,"181 Encinal Ave, Atherton, CA 94027, USA","{'lat': 37.4637629, 'lng': -122.1862822}"
100,1800,David Burcham K-8 School,"1515 Hughes Way, Long Beach, CA 90810, USA","{'lat': 33.8289941, 'lng': -118.2136905}"
101,1801,Sequoyah School,"535 S Pasadena Ave, Pasadena, CA 91105, USA","{'lat': 34.1363925, 'lng': -118.1546475}"
102,1802,Guffey Community Charter School,"Arcadia, CA 91066, USA","{'lat': 34.14, 'lng': -118.03}"
103,1803,San Marcos Unified School District,"255 Pico Ave #250, San Marcos, CA 92069, USA","{'lat': 33.1422913, 'lng': -117.1648932}"
104,1804,St. Ignatius College Prep,"2001 37th Ave, San Francisco, CA 94116, USA","{'lat': 37.74744, 'lng': -122.4966069}"
105,1805,Gunnison Watershed School Dist,"Oakland, CA 94666, USA","{'lat': 37.8080522, 'lng': -122.2637936}"
106,1806,the GATEWAYS,"3298 Governor Dr, San Diego, CA 92122, USA","{'lat': 32.8511891, 'lng': -117.2144563}"
107,1807,St. Joseph High School,"4120 S Bradley Rd, Santa Maria, CA 93455, USA","{'lat': 34.8819497, 'lng': -120.417668}"
108,1808,Elk Grove Unified School District,"7956 Cottonwood Ln, Sacramento, CA 95828, USA","{'lat': 38.4691481, 'lng': -121.3927544}"
109,1809,Torrance Unified School District,"2600 Vine Ave, Torrance, CA 90501, USA","{'lat': 33.8231116, 'lng': -118.3238896}"
110,1810,Poway Unified School District,"17250 Tannin Dr, Poway, CA 92064, USA","{'lat': 33.0239353, 'lng': -117.0507675}"
111,1811,San Bernardino City Unified School District,"777 N F St, San Bernardino, CA 92410, USA","{'lat': 34.1133385, 'lng': -117.2945114}"
112,1812,Novato Unified School District,"1015 7th St, Novato, CA 94945, USA","{'lat': 38.1096606, 'lng': -122.5785942}"
113,1813,Wilsona School District,"18050 E Ave O, Palmdale, CA 93591, USA","{'lat': 34.615663, 'lng': -117.8082268}"
114,1814,Seattle Public Schools,"681 Anita St, Chula Vista, CA 91911, USA","{'lat': 32.5978971, 'lng': -117.0828099}"
115,1815,Needles Unified School Dist,"161 W Williams St, Banning, CA 92220, USA","{'lat': 33.9275115, 'lng': -116.878335}"
116,1816,Mountainview Elementary School,"22201 Cypress Pl, Santa Clarita, CA 91390, USA","{'lat': 34.4723366, 'lng': -118.5235617}"
117,1817,SPEECH AND LANGUAGE DEVELOPMENT CENTER INC,"8699 Holder St, Buena Park, CA 90620, USA","{'lat': 33.8363919, 'lng': -118.0208045}"
118,1818,Santa Monica-Malibu Unified School District,"1651 16th St, Santa Monica, CA 90404, USA","{'lat': 34.0222369, 'lng': -118.4790261}"
119,1819,San Marcos Unified School District,"255 Pico Ave, San Marcos, CA 92069, USA","{'lat': 33.1422913, 'lng': -117.1648932}"
120,1820,Keppel Union School District,"35118 82nd St E, Littlerock, CA 93543, USA","{'lat': 34.5198798, 'lng': -117.983428}"
121,1821,Mariners Christian School,"300 Fischer Ave, Costa Mesa, CA 92626, USA","{'lat': 33.6758728, 'lng': -117.8772035}"
122,1822,Fresno Unified School Dist,"5500 N Maroa Ave, Fresno, CA 93704, USA","{'lat': 36.8179462, 'lng': -119.7992508}"
123,1823,St Michael's Episcopal Day,"2140 Mission Ave, Carmichael, CA 95608, USA","{'lat': 38.604093, 'lng': -121.3542615}"
124,1824,Campbell Hall,"4533 Laurel Canyon Blvd, Studio City, CA 91607, USA","{'lat': 34.153546, 'lng': -118.3982535}"
125,1825,Clovis Unified School District,"5895 S Elm Ave, Fresno, CA 93706, USA","{'lat': 36.6497232, 'lng': -119.7913671}"
126,1826,Wilsona School District,"18020 E Ave O, Palmdale, CA 93591, USA","{'lat': 34.6157101, 'lng': -117.8087035}"
127,1827,Jefferson Union High School District,"401 Paloma Ave, Pacifica, CA 94044, USA","{'lat': 37.6369, 'lng': -122.487}"
128,1828,ROMAN CATHOLIC BISHOP OF ORANGE,"20444 Magnolia St, Huntington Beach, CA 92646, USA","{'lat': 33.6657179, 'lng': -117.970754}"
129,1829,ROMAN CATHOLIC BISHOP OF ORANGE,"20400 Magnolia St, Huntington Beach, CA 92646, USA","{'lat': 33.6663619, 'lng': -117.970754}"
130,1830,Tahoe Truckee Unified School District,"11603 Donner Pass Rd, Truckee, CA 96161, USA","{'lat': 39.3246566, 'lng': -120.2089884}"
131,1831,Poway Unified School District,"9353 Oviedo St, San Diego, CA 92129, USA","{'lat': 32.9687475, 'lng': -117.1253723}"
132,1832,CYPRESS ELEM SCHOOL DISTRICT,"9470 Moody St, Cypress, CA 90630, USA","{'lat': 33.8245413, 'lng': -118.0452756}"
133,1833,Elk Grove Unified School District,"9510 Elk Grove Florin Rd, Elk Grove, CA 95624, USA","{'lat': 38.4131449, 'lng': -121.3728362}"
134,1834,Paraclete High School,"42145 30th St W, Lancaster, CA 93536, USA","{'lat': 34.6481996, 'lng': -118.1843988}"
135,1835,Ocean View School District,"17200 Pinehurst Ln, Huntington Beach, CA 92647, USA","{'lat': 33.7132948, 'lng': -118.0210332}"
136,1836,San Bernardino City Unified School District,"777 N F St, San Bernardino, CA 92410, USA","{'lat': 34.1133385, 'lng': -117.2945114}"
137,1837,Glendora USD,"500 N Loraine Ave, Glendora, CA 91741, USA","{'lat': 34.1444249, 'lng': -117.8455666}"
138,1838,Oakes Childrens Center Inc,"1550 Treat Ave, San Francisco, CA 94110, USA","{'lat': 37.7459054, 'lng': -122.412703}"
139,1839,Norwalk-La Mirada USD,"12110 Walnut St, Norwalk, CA 90650, USA","{'lat': 33.902931, 'lng': -118.0753224}"
140,1840,Yucca Valley High School,"7629 Shafter Ave, Yucca Valley, CA 92284, USA","{'lat': 34.1130283, 'lng': -116.4788129}"
141,1841,Polytechnic School,"1030 E California Blvd, Pasadena, CA 91106, USA","{'lat': 34.134308, 'lng': -118.128619}"
142,1842,Delano Jt Union High School District,"1811 Princeton St, Delano, CA 93215, USA","{'lat': 35.7797762, 'lng': -119.2367358}"
143,1843,Santa Rosa Christian School,"950 S Wright Rd, Santa Rosa, CA 95407, USA","{'lat': 38.4238382, 'lng': -122.7677024}"
144,1844,Rocklin Unified School District,"5035 Meyers St, Rocklin, CA 95677, USA","{'lat': 38.7904608, 'lng': -121.2278038}"
145,1845,The Bishop's School,"7607 La Jolla Blvd, La Jolla, CA 92037, USA","{'lat': 32.841381, 'lng': -117.2788749}"
146,1846,Elwyn Inc,"20307 S Western Ave, Torrance, CA 90501, USA","{'lat': 33.8463311, 'lng': -118.3098018}"
147,1847,John Tracy Clinic,"806 W Adams Blvd, Los Angeles, CA 90007, USA","{'lat': 34.0295304, 'lng': -118.2802524}"
148,1848,Badger Springs Middle School,"13135 Nason St, Moreno Valley, CA 92555, USA","{'lat': 33.9301745, 'lng': -117.1945282}"
149,1849,Green Dot Public Schools,"892 E 48th St, Los Angeles, CA 90011, USA","{'lat': 34.0000253, 'lng': -118.2600171}"
150,1850,Silverado High School,"16350 Mojave Dr, Victorville, CA 92395, USA","{'lat': 34.5295116, 'lng': -117.308069}"
151,1851,El Monte Union High School District,"3048 Tyler Ave, El Monte, CA 91731, USA","{'lat': 34.0648375, 'lng': -118.0328803}"
152,1852,Westside School,"2506 W Imperial Hwy, Hawthorne, CA 90250, USA","{'lat': 33.9304629, 'lng': -118.320853}"
153,1853,Panama-buena Vista Union School District,"2601 El Portal Dr, Bakersfield, CA 93309, USA","{'lat': 35.3315735, 'lng': -119.0891499}"
154,1854,Norwalk-La Mirada USD,"15711 Pioneer Blvd, Norwalk, CA 90650, USA","{'lat': 33.8886126, 'lng': -118.0851996}"
155,1855,Poway Unified School District,"12362 Springhurst Dr, San Diego, CA 92128, USA","{'lat': 32.9442557, 'lng': -117.0763742}"
156,1856,Magnolia Science Academy,"18238 Sherman Way, Reseda, CA 91335, USA","{'lat': 34.2007242, 'lng': -118.5302306}"
157,1857,Lutheran High School of Orange County,"2222 N Santiago Blvd, Orange, CA 92867, USA","{'lat': 33.8252799, 'lng': -117.8280289}"
158,1858,Rise Institute,"1760 Cesar Chavez Ste R, San Francisco, CA 94124, USA","{'lat': 37.750466, 'lng': -122.39495}"
159,1859,Hilldale School,"79 Florence St, Daly City, CA 94014, USA","{'lat': 37.6978634, 'lng': -122.4581575}"
160,1860,Hesperia Unified,"13884 Mesquite St, Hesperia, CA 92344, USA","{'lat': 34.398293, 'lng': -117.3605458}"
161,1861,Needles Unified School Dist,"1600 Washington St, Needles, CA 92363, USA","{'lat': 34.8401035, 'lng': -114.6158104}"
162,1862,Morongo Unified School District,"7601 Hopi Trail, Yucca Valley, CA 92284, USA","{'lat': 34.1141159, 'lng': -116.4503245}"
163,1863,St Marks Episcopal Church,"428 Park Ave, Laguna Beach, CA 92651, USA","{'lat': 33.5422386, 'lng': -117.7810627}"
164,1864,Green Dot Public Schools,"304 E Spruce Ave, Inglewood, CA 90301, USA","{'lat': 33.9584554, 'lng': -118.3497849}"
165,1865,Shaker Heights School Supt,"1033 Alhambra Ave, Los Angeles, CA 90012, USA","{'lat': 34.061825, 'lng': -118.2342055}"
166,1866,La Canada Unified School District,"4490 Cornishon Ave, La Cañada Flintridge, CA 91011, USA","{'lat': 34.2045813, 'lng': -118.2025867}"
167,1867,Santa Monica High School,"1651 16th St, Santa Monica, CA 90404, USA","{'lat': 34.0222369, 'lng': -118.4790261}"
168,1868,Novato Unified School District,"1015 7th St, Novato, CA 94945, USA","{'lat': 38.1096606, 'lng': -122.5785942}"
169,1869,San Luis Coastal Unified School District,"1500 Lizzie St, San Luis Obispo, CA 93401, USA","{'lat': 35.2810658, 'lng': -120.649727}"
170,1870,Analy High School,"462 Johnson St, Sebastopol, CA 95472, USA","{'lat': 38.40633, 'lng': -122.8229723}"
171,1871,Midwood High School,"800 W El Camino Real Suite 180 A, Mountain View, CA 94040, USA","{'lat': 37.3865645, 'lng': -122.0841761}"
172,1872,Midwood High School,"1922 Webster St, Oakland, CA 94612, USA","{'lat': 37.8071005, 'lng': -122.2660534}"
173,1873,Midwood High School,"1704 Automation Pkwy, San Jose, CA 95131, USA","{'lat': 37.3894678, 'lng': -121.8826202}"
174,1874,Midwood High School,"2593 Coast Ave, Mountain View, CA 94043, USA","{'lat': 37.4299898, 'lng': -122.0974312}"
175,1875,Midwood High School,"2145 Hamilton Ave, San Jose, CA 95125, USA","{'lat': 37.2958586, 'lng': -121.9302533}"
176,1876,Midwood High School,"19925 Stevens Creek Blvd, Cupertino, CA 95014, USA","{'lat': 37.3234947, 'lng': -122.0215001}"
177,1877,Midwood High School,"1971 N Capitol Ave, San Jose, CA 95132, USA","{'lat': 37.4030421, 'lng': -121.8821048}"
178,1878,Midwood High School,"101 Santa Cruz Rd, Arcadia, CA 91007, USA","{'lat': 34.1410856, 'lng': -118.0360364}"
179,1879,Midwood High School,"333 Cobalt Way #104, Sunnyvale, CA 94085, USA","{'lat': 37.3781803, 'lng': -121.9945928}"
180,1880,Midwood High School,"4847 Hopyard Rd #4121, Pleasanton, CA 94588, USA","{'lat': 37.6930654, 'lng': -121.901731}"
181,1881,Midwood High School,"2141 Rosecrans Ave #2020, El Segundo, CA 90245, USA","{'lat': 33.90258190000001, 'lng': -118.387297}"
182,1882,Midwood High School,"KPMG Building, 55 2nd St Fl 2, San Francisco, CA 94105, USA","{'lat': 37.7888063, 'lng': -122.4003129}"
183,1883,Ocean City Christian School,"4790 W Jacquelyn Ave, Fresno, CA 93722, USA","{'lat': 36.8151942, 'lng': -119.8798932}"
184,1884,Arcadia Unified School District,"234 Campus Dr, Arcadia, CA 91007, USA","{'lat': 34.1304649, 'lng': -118.0405373}"
185,1885,Seattle Public Schools,"820 N Ave 54, Los Angeles, CA 90042, USA","{'lat': 34.1157038, 'lng': -118.1988142}"
186,1886,Timothy Christian School,"1100 Valencia Ave, Tustin, CA 92780, USA","{'lat': 33.7199885, 'lng': -117.8386525}"
187,1887,Windward School,"11350 Palms Blvd, Los Angeles, CA 90066, USA","{'lat': 34.0174269, 'lng': -118.4263048}"
188,1888,West Covina High School,"1609 E Cameron Ave, West Covina, CA 91791, USA","{'lat': 34.0621517, 'lng': -117.9153573}"
189,1889,Fountain Valley School District,"10055 Slater Ave, Fountain Valley, CA 92708, USA","{'lat': 33.7095805, 'lng': -117.9533657}"
190,1890,Guffey Community Charter School,"1200 E California Blvd, Pasadena, CA 91125, USA","{'lat': 34.1356666, 'lng': -118.12724}"
191,1891,San Marcos Unified School District,"215 Mata Way, San Marcos, CA 92069, USA","{'lat': 33.1427838, 'lng': -117.1496372}"
192,1892,National City School District,"500 N Ave, National City, CA 91950, USA","{'lat': 32.6798399, 'lng': -117.0925717}"
193,1893,Jamul-Dulzura Union School Dst,"14581 Lyons Valley Rd, Jamul, CA 91935, USA","{'lat': 32.7294016, 'lng': -116.8527889}"
194,1894,Santa Rita Union School Dst,"Soledad, CA 93960, USA","{'lat': 36.424687, 'lng': -121.3263187}"
195,1895,Santa Rita Union School District,"840 S Main St, Salinas, CA 93901, USA","{'lat': 36.6644259, 'lng': -121.6573414}"
196,1896,Lake Elsinore Unified School District,"545 Chaney St, Lake Elsinore, CA 92530, USA","{'lat': 33.682844, 'lng': -117.3363522}"
197,1897,Cathedral High School,"1253 Bishops Rd, Los Angeles, CA 90012, USA","{'lat': 34.0692128, 'lng': -118.2347537}"
198,1898,Lemon Grove School District,"7866 Lincoln St, Lemon Grove, CA 91945, USA","{'lat': 32.7385469, 'lng': -117.0291579}"
199,1899,Glendora Unified School District,"500 N Loraine Ave, Glendora, CA 91741, USA","{'lat': 34.1444249, 'lng': -117.8455666}"
200,1900,ROMAN CATHOLIC BISHOP OF ORANGE,"608 Civic Center Dr E, Santa Ana, CA 92701, USA","{'lat': 33.7518884, 'lng': -117.861752}"
201,1901,Clovis Unified School District,"1450 Herndon Ave, Clovis, CA 93611, USA","{'lat': 36.8369109, 'lng': -119.6892979}"
202,1902,Midwood High School,"33 New Montgomery St, San Francisco, CA 94105, USA","{'lat': 37.7885181, 'lng': -122.4014261}"
203,1903,Midwood High School,"625 2nd St Fl 3, San Francisco, CA 94107, USA","{'lat': 37.7816889, 'lng': -122.3908867}"
204,1904,Midwood High School,"38583 Whitman Terrace, Fremont, CA 94536, USA","{'lat': 37.5498322, 'lng': -121.9934408}"
205,1905,Midwood High School,"515 Flower St, Los Angeles, CA 90071, USA","{'lat': 34.0514008, 'lng': -118.2569403}"
206,1906,Midwood High School,"171 2nd St Suite #300, San Francisco, CA 94105, USA","{'lat': 37.7872658, 'lng': -122.3985428}"
207,1907,Midwood High School,"6675 Mesa Ridge Rd, San Diego, CA 92121, USA","{'lat': 32.90129640000001, 'lng': -117.1758575}"
208,1908,Midwood High School,"19925 Stevens Creek Blvd, Cupertino, CA 95014, USA","{'lat': 37.3234947, 'lng': -122.0215001}"
209,1909,Midwood High School,"49 Stevenson St Suite 950, San Francisco, CA 94105, USA","{'lat': 37.7897687, 'lng': -122.3993941}"
210,1910,Midwood High School,"111 Myrtle St #201C, Oakland, CA 94607, USA","{'lat': 37.799238, 'lng': -122.2860348}"
211,1911,Midwood High School,"40792 Tirso St, Fremont, CA 94539, USA","{'lat': 37.5496951, 'lng': -121.9469744}"
212,1912,Midwood High School,"20 Truman St Ste.108, Irvine, CA 92620, USA","{'lat': 33.6953112, 'lng': -117.7667941}"
213,1913,Midwood High School,"1850 Gateway Blvd Suite 260, Concord, CA 94520, USA","{'lat': 37.971962, 'lng': -122.0428146}"
214,1914,Midwood High School,"16706 Garfield Ave, Paramount, CA 90723, USA","{'lat': 33.8828964, 'lng': -118.1665288}"
215,1915,Providence High Campus Minstry,"511 S Buena Vista St, Burbank, CA 91505, USA","{'lat': 34.1544585, 'lng': -118.3268806}"
216,1916,San Francisco Day School,"350 Masonic Ave, San Francisco, CA 94118, USA","{'lat': 37.7780111, 'lng': -122.4460603}"
217,1917,Campbell Hall,"4533 Laurel Canyon Blvd, Studio City, CA 91607, USA","{'lat': 34.153546, 'lng': -118.3982535}"
218,1918,St. Pius X Catholic High School,"150 Spear St STE 600, San Francisco, CA 94105, USA","{'lat': 37.7917663, 'lng': -122.3935931}"
219,1919,Poway Unified School District,"13626 Twin Peaks Rd, Poway, CA 92064, USA","{'lat': 32.9787847, 'lng': -117.0357789}"
220,1920,Notre Dame High School - Belmont,"1540 Ralston Ave, Belmont, CA 94002, USA","{'lat': 37.5156274, 'lng': -122.2874524}"
221,1921,David Burcham K-8 School,"2700 Pine Ave, Long Beach, CA 90806, USA","{'lat': 33.8063893, 'lng': -118.192282}"
222,1922,SPEECH AND LANGUAGE DEVELOPMENT CENTER INC,"8699 Holder St, Buena Park, CA 90620, USA","{'lat': 33.8363919, 'lng': -118.0208045}"
223,1923,Mercy High School,"2750 Adeline Dr, Burlingame, CA 94010, USA","{'lat': 37.58265189999999, 'lng': -122.3830636}"
224,1924,Live Oak School,"1555 Mariposa St, San Francisco, CA 94107, USA","{'lat': 37.7635349, 'lng': -122.3991487}"
225,1925,Culver City Unified School,"11177 Overland Ave, Culver City, CA 90230, USA","{'lat': 33.9960018, 'lng': -118.3912985}"
226,1926,Analy High School,"6950 Analy Ave, Sebastopol, CA 95472, USA","{'lat': 38.40788939999999, 'lng': -122.8270268}"
227,1927,Rise Institute,"1760 Cesar Chavez STE R, San Francisco, CA 94124, USA","{'lat': 37.750466, 'lng': -122.39495}"
228,1928,Army and Navy Academy,"Carlsbad, CA 92018, USA","{'lat': 33.1594766, 'lng': -117.3494974}"
229,1929,Santa Ana Unified School District,"1601 E Chestnut Ave, Santa Ana, CA 92701, USA","{'lat': 33.7433759, 'lng': -117.8470776}"
230,1930,College of the Canyons,"26455 Rockwell Canyon Rd, Santa Clarita, CA 91355, USA","{'lat': 34.4043812, 'lng': -118.5705894}"
231,1931,Windward School,"11350 Palms Blvd, Los Angeles, CA 90066, USA","{'lat': 34.0174269, 'lng': -118.4263048}"
232,1932,Westminster School District,"14491 Beach Blvd, Westminster, CA 92683, USA","{'lat': 33.7523842, 'lng': -117.9900301}"
233,1933,Clovis Unified School District,"380 W Teague Ave, Clovis, CA 93619, USA","{'lat': 36.858223, 'lng': -119.718533}"
234,1934,Norwalk-La Mirada USD,"13520 Shoemaker Ave, Norwalk, CA 90650, USA","{'lat': 33.9081186, 'lng': -118.053005}"
235,1935,Redding Adventist Academy,"1356 E Cypress Ave, Redding, CA 96002, USA","{'lat': 40.5736008, 'lng': -122.3466173}"
236,1936,Black Pine Circle Day School,"2027 Seventh St, Berkeley, CA 94710, USA","{'lat': 37.8672271, 'lng': -122.2960906}"
237,1937,Ojai Valley School,"723 El Paseo Rd, Ojai, CA 93023, USA","{'lat': 34.4440584, 'lng': -119.2571387}"
238,1938,JAMUL-DULZURZ UNION SCHOOL DISTRICT,"14581 Lyons Valley Rd, Jamul, CA 91935, USA","{'lat': 32.7294016, 'lng': -116.8527889}"
239,1939,San Diego Unified School District,"4100 Normal St, San Diego, CA 92103, USA","{'lat': 32.7540102, 'lng': -117.1481666}"
240,1940,Sequoyah School,"535 S Pasadena Ave, Pasadena, CA 91105, USA","{'lat': 34.1363925, 'lng': -118.1546475}"
241,1941,Marymount High School,"10643 Sunset Blvd, Los Angeles, CA 90077, USA","{'lat': 34.0754245, 'lng': -118.4451513}"
242,1942,Francis Parker School,"6501 Linda Vista Rd, San Diego, CA 92111, USA","{'lat': 32.7712998, 'lng': -117.177575}"
243,1943,Viewpoint School,"23620 Mulholland Hwy, Calabasas, CA 91302, USA","{'lat': 34.1357125, 'lng': -118.6436847}"
244,1944,Sonoma Academy,"2500 Farmers Ln, Santa Rosa, CA 95404, USA","{'lat': 38.4182737, 'lng': -122.6887351}"
245,1945,Palo Alto Preparatory School,"4000 Middlefield Rd H2, Palo Alto, CA 94303, USA","{'lat': 37.4168743, 'lng': -122.1085968}"
246,1946,John Tracy Clinic,"806 W Adams Blvd, Los Angeles, CA 90007, USA","{'lat': 34.0295304, 'lng': -118.2802524}"
247,1947,Servite High School,"1952 W La Palma Ave, Anaheim, CA 92801, USA","{'lat': 33.8466147, 'lng': -117.9495671}"
248,1948,San Diego City Schools,"4100 Normal St, San Diego, CA 92103, USA","{'lat': 32.7540102, 'lng': -117.1481666}"
249,1949,Windsor Unified School District,"9291 Old Redwood Hwy BLDG 500, Windsor, CA 95492, USA","{'lat': 38.5494706, 'lng': -122.8140473}"
250,1950,Brighton Central School District,"Redwood Valley, CA 95470, USA","{'lat': 39.2652491, 'lng': -123.2041429}"
251,1951,Louisville High School,"15175 W Magnolia Blvd, Sherman Oaks, CA 91403, USA","{'lat': 34.1660572, 'lng': -118.4643043}"
252,1952,CELERITY EDUCATIONAL GROUP,"3417 W Jefferson Blvd, Los Angeles, CA 90018, USA","{'lat': 34.0258682, 'lng': -118.3333434}"
253,1953,Viewpoint School,"23620 Mulholland Hwy, Calabasas, CA 91302, USA","{'lat': 34.1357125, 'lng': -118.6436847}"
254,1954,Immaculate Heart High School,"5515 Franklin Ave, Los Angeles, CA 90028, USA","{'lat': 34.106195, 'lng': -118.3106706}"
255,1955,KIPP Los Angeles College Preparatory,"7019 S Van Ness Ave, Los Angeles, CA 90047, USA","{'lat': 33.9757049, 'lng': -118.3180217}"
256,1956,Town School for Boys,"2750 Jackson St, San Francisco, CA 94115, USA","{'lat': 37.7920178, 'lng': -122.4400886}"
257,1957,Clovis Unified School District,"1542 David E Cook Way, Clovis, CA 93611, USA","{'lat': 36.8344872, 'lng': -119.6873517}"
258,1958,New City School,"1230 Pine Ave, Long Beach, CA 90813, USA","{'lat': 33.7819338, 'lng': -118.1921949}"
259,1959,David Burcham K-8 School,"5610 E Monlaco Rd, Long Beach, CA 90808, USA","{'lat': 33.8209694, 'lng': -118.1221316}"
260,1960,San Francisco University High School,"3065 Jackson St, San Francisco, CA 94115, USA","{'lat': 37.7909556, 'lng': -122.4453526}"
261,1961,Orangevale Adventist School,"5810 Pecan Ave, Orangevale, CA 95662, USA","{'lat': 38.6712236, 'lng': -121.2206917}"
262,1962,The Bishop's School,"7607 La Jolla Blvd, La Jolla, CA 92037, USA","{'lat': 32.841381, 'lng': -117.2788749}"
263,1963,Burbank High School,"3811 W Allan Ave, Burbank, CA 91505, USA","{'lat': 34.1777767, 'lng': -118.353089}"
264,1964,Louisville High School,"22300 Mulholland Dr, Woodland Hills, CA 91364, USA","{'lat': 34.1488035, 'lng': -118.6100693}"
265,1965,Marina High School,"15871 Springdale St, Huntington Beach, CA 92649, USA","{'lat': 33.7320608, 'lng': -118.0266595}"
266,1966,Lutheran High School of Orange County,"2222 N Santiago Blvd, Orange, CA 92867, USA","{'lat': 33.8252799, 'lng': -117.8280289}"
267,1967,San Diego Unified School District,"4100 Normal St, San Diego, CA 92103, USA","{'lat': 32.7540102, 'lng': -117.1481666}"
268,1968,Apple Valley Unified School District,"22974 Bear Valley Rd, Apple Valley, CA 92308, USA","{'lat': 34.473631, 'lng': -117.160051}"
269,1969,San Carlos School District,"3 Twin Dolphin Dr # 200, Redwood City, CA 94065, USA","{'lat': 37.5269813, 'lng': -122.2628654}"
270,1970,Green Dot Public Schools,"892 E 48th St, Los Angeles, CA 90011, USA","{'lat': 34.0000253, 'lng': -118.2600171}"
271,1971,Ocean City Christian School,"4790 W Jacquelyn Ave, Fresno, CA 93722, USA","{'lat': 36.8151942, 'lng': -119.8798932}"
272,1972,Chaffey High School,"245 N Euclid Ave, Ontario, CA 91762, USA","{'lat': 34.0656001, 'lng': -117.6516434}"
273,1973,Myers Elementary School,"975 N Meridian Ave, Rialto, CA 92376, USA","{'lat': 34.1170128, 'lng': -117.3474356}"
274,1974,Pleasanton Unified School District,"4695 Chabot Dr #115, Pleasanton, CA 94588, USA","{'lat': 37.6953181, 'lng': -121.9004706}"
275,1975,JSerra High School,"26351 Junipero Serra Rd, San Juan Capistrano, CA 92675, USA","{'lat': 33.5210313, 'lng': -117.667777}"
276,1976,Poway Unified School District,"9353 Oviedo St, San Diego, CA 92129, USA","{'lat': 32.9687475, 'lng': -117.1253723}"
277,1977,Pasadena High School,"670 N Rosemead Blvd, Pasadena, CA 91107, USA","{'lat': 34.157962, 'lng': -118.0807995}"
278,1978,Mountain Empire Unified School District,"3291 Buckman Springs Rd, Campo, CA 91906, USA","{'lat': 32.7338592, 'lng': -116.4929528}"
279,1979,Coronado Schools Foundation,"234 B Ave, Coronado, CA 92118, USA","{'lat': 32.6959835, 'lng': -117.1714697}"
280,1980,Apple Valley Unified School District,"22974 Bear Valley Rd, Apple Valley, CA 92308, USA","{'lat': 34.473631, 'lng': -117.160051}"
281,1981,Burleson ISD,"548 4th St, San Francisco, CA 94107, USA","{'lat': 37.7788162, 'lng': -122.3975921}"
282,1982,San Ramon Valley Unified School District,"3131 Stone Valley Rd, Danville, CA 94526, USA","{'lat': 37.8438451, 'lng': -121.9817492}"
283,1983,Fremont Union High School District,"10100 Finch Ave, Cupertino, CA 95014, USA","{'lat': 37.3196295, 'lng': -122.0091536}"
284,1984,Mariposa County office of education,"4952 School House Rd, Catheys Valley, CA 95306, USA","{'lat': 37.4237436, 'lng': -120.1013415}"
285,1985,Elk Grove Unified School District,"8140 Caymus Dr, Sacramento, CA 95829, USA","{'lat': 38.462277, 'lng': -121.3650182}"
286,1986,San Bernardino City Unified School District,"7401 Church Ave, Highland, CA 92346, USA","{'lat': 34.1201096, 'lng': -117.2039011}"
287,1987,San Bernardino City Unified School District,"956 W 9th St, San Bernardino, CA 92411, USA","{'lat': 34.1160067, 'lng': -117.3053898}"
288,1988,Hamlin School,"2120 Broadway, San Francisco, CA 94115, USA","{'lat': 37.794904, 'lng': -122.432524}"
289,1989,Gilroy High School,"750 W 10th St, Gilroy, CA 95020, USA","{'lat': 36.996352, 'lng': -121.575271}"
290,1990,ROMAN CATHOLIC BISHOP OF ORANGE,"20444 Magnolia St, Huntington Beach, CA 92646, USA","{'lat': 33.6657179, 'lng': -117.970754}"
291,1991,NORBERTINE FATHERS OF ORANGE INC,"19292 El Toro Rd, Silverado, CA 92676, USA","{'lat': 33.6810946, 'lng': -117.6172139}"
292,1992,Fullerton Joint Union High School District,"1801 Lancer Way, Fullerton, CA 92833, USA","{'lat': 33.8838008, 'lng': -117.9534572}"
293,1993,Chaffey High School,"1245 N Euclid Ave, Ontario, CA 91762, USA","{'lat': 34.0799599, 'lng': -117.6525556}"
294,1994,David Burcham K-8 School,"1755 W 32nd Way, Long Beach, CA 90810, USA","{'lat': 33.8165282, 'lng': -118.2167062}"
295,1995,Norwalk-La Mirada USD,"12110 Walnut St, Norwalk, CA 90650, USA","{'lat': 33.902931, 'lng': -118.0753224}"
296,1996,Guffey Community Charter School,"11850 Hartsook St, Valley Village, CA 91607, USA","{'lat': 34.163747, 'lng': -118.3918006}"
297,1997,Arcadia Unified School District,"5563 Hallowell Ave, Arcadia, CA 91007, USA","{'lat': 34.103422, 'lng': -118.0442922}"
298,1998,Norwalk-La Mirada USD,"14320 Norwalk Blvd, Norwalk, CA 90650, USA","{'lat': 33.9008545, 'lng': -118.0720298}"
299,1999,San Marcos Unified School District,"1270 Rock Springs Rd, San Marcos, CA 92069, USA","{'lat': 33.149222, 'lng': -117.1305196}"
