,_id,Name,Address,Geocodes
0,2700,Fillmore Arts Center,"24890 E 78th Ave, Denver, CO 80249, USA","{'lat': 39.8368069, 'lng': -104.6983169}"
1,2701,Sierra Grande School,"17523 US-160, Blanca, CO 81123, USA","{'lat': 37.4317846, 'lng': -105.4564983}"
2,2702,Weld County School Dist Re 3 J,"Keenesburg, CO 80643, USA","{'lat': 40.1083158, 'lng': -104.5199585}"
3,2703,Denver Public Schools,"1391 Speer Blvd UNIT 600, Denver, CO 80204, USA","{'lat': 39.738273, 'lng': -104.9980382}"
4,2704,Steamboat Springs School District Re 2,"325 7th St, Steamboat Springs, CO 80487, USA","{'lat': 40.4879911, 'lng': -106.8317575}"
5,2705,Moffat County School District,"775 Yampa Ave, Craig, CO 81625, USA","{'lat': 40.5192822, 'lng': -107.5468269}"
6,2706,Denver Public Schools,"900 Grant St, Denver, CO 80203, USA","{'lat': 39.7307769, 'lng': -104.9832898}"
7,2707,Denver Public Schools,"900 Grant St, Denver, CO 80203, USA","{'lat': 39.7307769, 'lng': -104.9832898}"
8,2708,Denver Public Schools,"1820 Lowell Blvd, Denver, CO 80204, USA","{'lat': 39.7457774, 'lng': -105.0340984}"
9,2709,Douglas County Schools,"2806 US-85, Castle Rock, CO 80109, USA","{'lat': 39.4045312, 'lng': -104.8686558}"
10,2710,Cherry Creek School Dst 5,"4700 S Yosemite St, Greenwood Village, CO 80111, USA","{'lat': 39.63108099999999, 'lng': -104.8845945}"
11,2711,Eaton School District,"200 Park Ave, Eaton, CO 80615, USA","{'lat': 40.5274467, 'lng': -104.7175966}"
12,2712,Moffat County School District,"900 Finley Ln, Craig, CO 81625, USA","{'lat': 40.52147739999999, 'lng': -107.5628082}"
13,2713,Denver Public Schools,"2120 W Arkansas Ave, Denver, CO 80223, USA","{'lat': 39.6905677, 'lng': -105.0130974}"
14,2714,West Denver Preparatory Charter School,"1825 S Federal Blvd, Denver, CO 80219, USA","{'lat': 39.68428830000001, 'lng': -105.0257735}"
15,2715,Ellicott School District,"395 S Ellicott Hwy, Calhan, CO 80808, USA","{'lat': 38.8259237, 'lng': -104.3865111}"
16,2716,Douglas County Schools,"7800 E Tufts Ave, Denver, CO 80237, USA","{'lat': 39.6303028, 'lng': -104.8990094}"
17,2717,Thompson School District R2j,"800 S Taft Ave, Loveland, CO 80537, USA","{'lat': 40.3838401, 'lng': -105.0962043}"
18,2718,Fountain-Fort Carson School District 8,"515 N Santa Fe Ave, Fountain, CO 80817, USA","{'lat': 38.6866188, 'lng': -104.7057043}"
19,2719,Denver Public Schools,"2250 S Quitman Way, Denver, CO 80219, USA","{'lat': 39.6764287, 'lng': -105.0398668}"
20,2720,Pitts Elementary School,"315 W 6th St, Leadville, CO 80461, USA","{'lat': 39.247366, 'lng': -106.296238}"
21,2721,George Washington High School,"655 S Monaco Pkwy, Denver, CO 80224, USA","{'lat': 39.70538390000001, 'lng': -104.9147031}"
22,2722,Stargate School,"3951 Cottonwood Lakes Blvd, Thornton, CO 80241, USA","{'lat': 39.9349798, 'lng': -104.9408018}"
23,2723,James Irwin Charter Schools,"5525 Astrozon Blvd, Colorado Springs, CO 80916, USA","{'lat': 38.7971441, 'lng': -104.7285784}"
24,2724,James Irwin Charter Schools,"5525 Astrozon Blvd, Colorado Springs, CO 80916, USA","{'lat': 38.7971441, 'lng': -104.7285784}"
25,2725,Middle School,"425 S Denver Ave, Fort Lupton, CO 80621, USA","{'lat': 40.0758457, 'lng': -104.811657}"
26,2726,Denver Public Schools,"780 Grant St, Denver, CO 80203, USA","{'lat': 39.7288197, 'lng': -104.9831985}"
27,2727,The Denver Waldorf School,"940 Fillmore St, Denver, CO 80206, USA","{'lat': 39.7316503, 'lng': -104.9525674}"
28,2728,Rocky Mountain School of Expeditionary Learning,"1700 S Holly St, Denver, CO 80222, USA","{'lat': 39.68565299999999, 'lng': -104.9216707}"
29,2729,Eagle County Schools,"Eagle, CO 81631, USA","{'lat': 39.6552634, 'lng': -106.8286507}"
30,2730,Dakota Valley Elementary Schl,"4700 S Yosemite St, Greenwood Village, CO 80111, USA","{'lat': 39.63108099999999, 'lng': -104.8845945}"
31,2731,BLESSED SACRAMENT CHURCH,"1912 Eudora St, Denver, CO 80220, USA","{'lat': 39.7458955, 'lng': -104.9306949}"
32,2732,Berthoud Elementary School,"215 E 7th St, Loveland, CO 80537, USA","{'lat': 40.3988703, 'lng': -105.074122}"
33,2733,Weld RE5J School District,"110 Centennial Dr, Milliken, CO 80543, USA","{'lat': 40.3295751, 'lng': -104.8334687}"
34,2734,Zion Lutheran Church & School,"2600 S Wadsworth Blvd, Denver, CO 80227, USA","{'lat': 39.66953549999999, 'lng': -105.0807213}"
35,2735,Thompson Valley High School,"1669 Eagle Dr, Loveland, CO 80537, USA","{'lat': 40.3878983, 'lng': -105.1006483}"
36,2736,Pitts Elementary School,"1000 W 4th St, Leadville, CO 80461, USA","{'lat': 39.24423669999999, 'lng': -106.3029006}"
37,2737,St. Mary's Academy,"4545 S University Blvd, Englewood, CO 80113, USA","{'lat': 39.6340615, 'lng': -104.9610087}"
38,2738,Garfield County School Dist,"251 Parachute Ave, Parachute, CO 81635, USA","{'lat': 39.4529266, 'lng': -108.0544476}"
39,2739,Denver Public Schools,"150 S Pearl St, Denver, CO 80209, USA","{'lat': 39.7136982, 'lng': -104.9798666}"
40,2740,COUNTY OF ELBERT AGATE SCHOOL DISTRICT 300,"Agate, CO 80101, USA","{'lat': 39.4614985, 'lng': -103.9423755}"
41,2741,Manitou Springs School Dist,"738 Manitou Ave, Manitou Springs, CO 80829, USA","{'lat': 38.8575563, 'lng': -104.915684}"
42,2742,Denver Public Schools,"1250 Welton St, Denver, CO 80204, USA","{'lat': 39.7407838, 'lng': -104.9949292}"
43,2743,Denver Public Schools,"4540 W 10th Ave, Denver, CO 80204, USA","{'lat': 39.7325548, 'lng': -105.0459698}"
44,2744,Denver Public Schools,"1230 S Grant St, Denver, CO 80210, USA","{'lat': 39.69380779999999, 'lng': -104.9837006}"
45,2745,Denver Public Schools,"14390 Bolling Dr, Denver, CO 80239, USA","{'lat': 39.7833763, 'lng': -104.8238724}"
46,2746,Denver Public Schools,"3700 E Alameda Ave #400, Denver, CO 80209, USA","{'lat': 39.7111199, 'lng': -104.9434028}"
47,2747,Denver Public Schools,"900 Grant St #501, Denver, CO 80203, USA","{'lat': 39.7307769, 'lng': -104.9832898}"
48,2748,Weld County School District 6,"1025 9th Ave, Greeley, CO 80631, USA","{'lat': 40.4214841, 'lng': -104.6931296}"
49,2749,CIVA Charter School,"4635 Northpark Dr, Colorado Springs, CO 80918, USA","{'lat': 38.8990023, 'lng': -104.8263096}"
50,2750,Douglas County Schools,"7075 Shoreham Dr, Castle Rock, CO 80108, USA","{'lat': 39.465947, 'lng': -104.894195}"
51,2751,Colorado International School,"4100 E Iliff Ave, Denver, CO 80222, USA","{'lat': 39.6744224, 'lng': -104.9393645}"
52,2752,Boulder Country Day School,"6650 Gunpark Dr, Boulder, CO 80301, USA","{'lat': 40.0701495, 'lng': -105.1988674}"
53,2753,Platte Valley Sch Dist R E 7,"Kersey, CO, USA","{'lat': 40.387481, 'lng': -104.5616256}"
54,2754,Clear Creek School District RE-1,"Idaho Springs, CO, USA","{'lat': 39.7424881, 'lng': -105.5136081}"
55,2755,West Denver Preparatory Charter School,"2960 Speer Blvd, Denver, CO 80211, USA","{'lat': 39.76023470000001, 'lng': -105.0225795}"
56,2756,GRANDVIEW HIGH SCHOOL POMS,"20500 E Arapahoe Rd, Aurora, CO 80016, USA","{'lat': 39.5926316, 'lng': -104.7466853}"
57,2757,Mitchell High School,"1205 Potter Dr, Colorado Springs, CO 80909, USA","{'lat': 38.8495407, 'lng': -104.7515278}"
58,2758,St. Vrain Valley School District,"401 S Pratt Pkwy, Longmont, CO 80501, USA","{'lat': 40.1546489, 'lng': -105.107395}"
59,2759,GWHS,"655 S Monaco Pkwy, Denver, CO 80224, USA","{'lat': 39.7046567, 'lng': -104.9153368}"
60,2760,American Sentinel College,"2260 S Xanadu Way, Aurora, CO 80014, USA","{'lat': 39.676505, 'lng': -104.8311887}"
61,2761,Denver Public Schools,"4735 N Pecos St, Denver, CO 80211, USA","{'lat': 39.7822104, 'lng': -105.0067148}"
62,2762,Denver Public Schools,"96 S Zuni St, Denver, CO 80223, USA","{'lat': 39.7153703, 'lng': -105.0153344}"
63,2763,Denver Public Schools,"1751 S Washington St, Denver, CO 80210, USA","{'lat': 39.6854597, 'lng': -104.9800492}"
64,2764,Denver Public Schools,"5130 Durham Ct, Denver, CO 80239, USA","{'lat': 39.7865008, 'lng': -104.8170991}"
65,2765,St. Vrain School District Office of Professional Development. -,"401 S Pratt Pkwy, Longmont, CO 80501, USA","{'lat': 40.1546489, 'lng': -105.107395}"
66,2766,Mesa County Valley School District 51,"552 W Main St, Grand Junction, CO 81501, USA","{'lat': 39.067783, 'lng': -108.5776241}"
67,2767,North Star Academy,"16700 Keystone Blvd, Parker, CO 80134, USA","{'lat': 39.5370742, 'lng': -104.7956939}"
68,2768,Denver Cooperative Preschool,"480 N Marion St, Denver, CO 80218, USA","{'lat': 39.7234485, 'lng': -104.9713881}"
69,2769,Woodland Park High School,"155 Panther Way, Woodland Park, CO 80863, USA","{'lat': 38.9960862, 'lng': -105.0453471}"
70,2770,Cherry Creek School Dst 5,"6260 S Dayton St, Englewood, CO 80111, USA","{'lat': 39.6027264, 'lng': -104.875335}"
71,2771,Denver Public Schools,"1914 Syracuse St, Denver, CO 80220, USA","{'lat': 39.745985, 'lng': -104.8982795}"
72,2772,Pikes Peak BOCES,"4825 Lorna Pl, Colorado Springs, CO 80915, USA","{'lat': 38.8452895, 'lng': -104.7381938}"
73,2773,Delta County Joint School Dist,"7655 2075 Rd, Delta, CO 81416, USA","{'lat': 38.7647157, 'lng': -107.9770611}"
74,2774,Pitts Elementary School,"107 Spruce St, Leadville, CO 80461, USA","{'lat': 39.2441871, 'lng': -106.2945554}"
75,2775,Douglas County Schools,"620 Wilcox St, Castle Rock, CO 80104, USA","{'lat': 39.3759109, 'lng': -104.8594172}"
76,2776,Denver Public Schools,"1250 Welton St, Denver, CO 80204, USA","{'lat': 39.7407838, 'lng': -104.9949292}"
77,2777,PARK COUNTY RE-2,"Fairplay, CO 80440, USA","{'lat': 39.2247125, 'lng': -106.0019618}"
78,2778,Woodland Park High School,"490 Meadow Park Dr, Divide, CO 80814, USA","{'lat': 38.9523951, 'lng': -105.1444439}"
79,2779,Prairie Schools,"42315 Co Rd 133, Raymer, CO 80742, USA","{'lat': 40.6153741, 'lng': -103.8029105}"
80,2780,Fountain-Fort Carson School District 8,"10665 Jimmy Camp Rd, Fountain, CO 80817, USA","{'lat': 38.6757535, 'lng': -104.6863411}"
81,2781,Littleton Public Schools incorporated,"2201 E Dry Creek Rd, Centennial, CO 80122, USA","{'lat': 39.5816391, 'lng': -104.9630819}"
82,2782,Douglas County Schools,"620 Wilcox St, Castle Rock, CO 80104, USA","{'lat': 39.3759109, 'lng': -104.8594172}"
83,2783,St. Mary's Academy,"4545 S University Blvd, Englewood, CO 80113, USA","{'lat': 39.6340615, 'lng': -104.9610087}"
84,2784,Mesa County Valley School District 51,"2115 Grand Ave, Grand Junction, CO 81501, USA","{'lat': 39.0698499, 'lng': -108.540148}"
85,2785,Dakota Valley Elementary Schl,"9300 E Union Ave, Greenwood Village, CO 80111, USA","{'lat': 39.6299922, 'lng': -104.8790296}"
86,2786,Huerfano School District,"611 W 7th St, Walsenburg, CO 81089, USA","{'lat': 37.6197171, 'lng': -104.7887643}"
87,2787,Union Colony Preparatory School,"2000 Clubhouse Dr, Greeley, CO 80634, USA","{'lat': 40.4063395, 'lng': -104.7665878}"
88,2788,West Denver Preparatory Charter School,"1825 S Federal Blvd, Denver, CO 80219, USA","{'lat': 39.68428830000001, 'lng': -105.0257735}"
89,2789,Moffat County School District,"998 Rose St, Craig, CO 81625, USA","{'lat': 40.5232502, 'lng': -107.543841}"
90,2790,Pueblo School District No. 70,"24951 US-50, Pueblo, CO 81001, USA","{'lat': 38.2740419, 'lng': -104.5383424}"
91,2791,Canon City High School,"101 N 14th St, Cañon City, CO 81212, USA","{'lat': 38.4461966, 'lng': -105.229857}"
92,2792,Denver Public Schools,"6700 E Virginia Ave, Denver, CO 80224, USA","{'lat': 39.7071131, 'lng': -104.9093196}"
93,2793,Denver Public Schools,"2960 Speer Blvd, Denver, CO 80211, USA","{'lat': 39.76029880000001, 'lng': -105.0225019}"
94,2794,Denver Public Schools,"410 Park Ave W, Denver, CO 80205, USA","{'lat': 39.7498232, 'lng': -104.9821944}"
95,2795,Denver Public Schools,"2030 W Alameda Ave, Denver, CO 80223, USA","{'lat': 39.71050899999999, 'lng': -105.0112714}"
96,2796,Denver Public Schools,"2900 Richard Allen Ct, Denver, CO 80205, USA","{'lat': 39.7586382, 'lng': -104.9426727}"
97,2797,Denver Public Schools,"7125 Cherry Creek N Dr, Denver, CO 80224, USA","{'lat': 39.68844199999999, 'lng': -104.9062174}"
98,2798,Denver Public Schools,"3185 S Willow St, Denver, CO 80231, USA","{'lat': 39.6574045, 'lng': -104.8920755}"
99,2799,Denver Public Schools,"1700 E Louisiana Ave, Denver, CO 80210, USA","{'lat': 39.6918312, 'lng': -104.9663572}"
100,2800,Denver Public Schools,"8600 E Dartmouth Ave, Denver, CO 80231, USA","{'lat': 39.65992869999999, 'lng': -104.8920755}"
101,2801,Denver Public Schools,"3440 W Yale Ave, Denver, CO 80219, USA","{'lat': 39.6671672, 'lng': -105.0315416}"
102,2802,Denver Public Schools,"5000 Crown Blvd, Denver, CO 80239, USA","{'lat': 39.7866559, 'lng': -104.827404}"
103,2803,Denver Public Schools,"3635 Quivas St, Denver, CO 80211, USA","{'lat': 39.7673942, 'lng': -105.0083954}"
104,2804,Denver Public Schools,"1580 Julian St, Denver, CO 80204, USA","{'lat': 39.7419111, 'lng': -105.0311764}"
105,2805,Denver Public Schools,"500 S Utica St, Denver, CO 80219, USA","{'lat': 39.7077977, 'lng': -105.0448054}"
106,2806,Denver Public Schools,"2940 Dexter St, Denver, CO 80207, USA","{'lat': 39.759473, 'lng': -104.932406}"
107,2807,Manitou Springs School Dist,"701 Duclo Ave, Manitou Springs, CO 80829, USA","{'lat': 38.8563166, 'lng': -104.9143358}"
108,2808,Denver Public Schools,"1150 Lipan St RM 102, Denver, CO 80204, USA","{'lat': 39.73451980000001, 'lng': -105.0012285}"
109,2809,Dolores School District Re-4A (Colorodo),"17631 CO-145, Dolores, CO 81323, USA","{'lat': 37.4646181, 'lng': -108.5293883}"
110,2810,Denver Public Schools,"4650 Columbine St, Denver, CO 80216, USA","{'lat': 39.7813229, 'lng': -104.9566822}"
111,2811,Pueblo School District No. 70,"35777 Iris Rd, Pueblo, CO 81006, USA","{'lat': 38.2406509, 'lng': -104.4624586}"
112,2812,Pueblo School District No. 70,"US-50, Pueblo, CO 81006, USA","{'lat': 38.2734246, 'lng': -104.4446073}"
113,2813,Weld County School Dist Re 3 J,"4715 Co Rd 59, Keenesburg, CO 80643, USA","{'lat': 40.06987290000001, 'lng': -104.5103664}"
114,2814,Fountain-Fort Carson School District 8,"10665 Jimmy Camp Rd, Fountain, CO 80817, USA","{'lat': 38.6757535, 'lng': -104.6863411}"
115,2815,Cherry Creek School Dst 5,"4700 S Yosemite St, Greenwood Village, CO 80111, USA","{'lat': 39.63108099999999, 'lng': -104.8845945}"
116,2816,Denver Public Schools,"5440 Roslyn St BLDG G, Denver, CO 80216, USA","{'lat': 39.7945512, 'lng': -104.897504}"
117,2817,EVANS ELEMENTARY SCHOOL,"1750 Piros Dr, Colorado Springs, CO 80915, USA","{'lat': 38.8630046, 'lng': -104.7069801}"
118,2818,Moffat County School District,"900 Finley Ln, Craig, CO 81625, USA","{'lat': 40.52147739999999, 'lng': -107.5628082}"
119,2819,Jeffco Public Schools,"1829 Denver W Dr, Golden, CO 80401, USA","{'lat': 39.7385227, 'lng': -105.1646064}"
120,2820,Boulder Valley School District,"6500 Arapahoe Rd, Boulder, CO 80303, USA","{'lat': 40.0128181, 'lng': -105.2009241}"
121,2821,Douglas County Schools,"7007 Bayou Gulch Rd, Parker, CO 80134, USA","{'lat': 39.4356956, 'lng': -104.7545013}"
122,2822,Douglas County Schools,"5810 McArthur Ranch Rd, Littleton, CO 80124, USA","{'lat': 39.5197648, 'lng': -104.921638}"
123,2823,Thompson School District R2j,"720 N Colorado Ave, Loveland, CO 80537, USA","{'lat': 40.3997336, 'lng': -105.0869554}"
124,2824,School District 38,"Monument, CO 80132, USA","{'lat': 39.0994223, 'lng': -104.8337879}"
125,2825,Douglas County Schools,"620 Wilcox St, Castle Rock, CO 80104, USA","{'lat': 39.3759109, 'lng': -104.8594172}"
126,2826,Pomperaug Regional School Dist,"3001 S Federal Blvd, Denver, CO 80236, USA","{'lat': 39.66205009999999, 'lng': -105.0280027}"
127,2827,Denver Public Schools,"3700 E Alameda Ave, Denver, CO 80209, USA","{'lat': 39.7111199, 'lng': -104.9434028}"
128,2828,Cherry Creek School Dst 5,"4700 S Yosemite St, Greenwood Village, CO 80111, USA","{'lat': 39.63108099999999, 'lng': -104.8845945}"
129,2829,Rangely High School,"550 River Rd, Rangely, CO 81648, USA","{'lat': 40.08265, 'lng': -108.8164052}"
130,2830,BETHUNE R-5,"Bethune, CO, USA","{'lat': 39.3041624, 'lng': -102.4246395}"
131,2831,San Rafael City Sch District,"101 W Colfax Ave #1100, Denver, CO 80202, USA","{'lat': 39.7408281, 'lng': -104.9883106}"
132,2832,Denver Public Schools,"5290 Kittredge St, Denver, CO 80239, USA","{'lat': 39.78897329999999, 'lng': -104.8005034}"
133,2833,Clear Creek School District RE-1,"Idaho Springs, CO, USA","{'lat': 39.7424881, 'lng': -105.5136081}"
134,2834,San Rafael City Sch District,"101 W Colfax Ave #1100, Denver, CO 80202, USA","{'lat': 39.7408281, 'lng': -104.9883106}"
135,2835,"School District 14, Adams County","5291 E 60th Ave, Commerce City, CO 80022, USA","{'lat': 39.8059605, 'lng': -104.9268419}"
136,2836,Denver Public Schools,"2285 S Federal Blvd, Denver, CO 80219, USA","{'lat': 39.6760166, 'lng': -105.0266108}"
137,2837,Beulah Heights Elementary School,"1902 Montezuma Rd, Pueblo, CO 81003, USA","{'lat': 38.2844078, 'lng': -104.6193422}"
138,2838,Pitts Elementary School,"107 Spruce St, Leadville, CO 80461, USA","{'lat': 39.2441871, 'lng': -106.2945554}"
139,2839,Denver Public Schools,"3955 Steele St, Denver, CO 80205, USA","{'lat': 39.7716939, 'lng': -104.9514798}"
140,2840,Pitts Elementary School,"1000 W 4th St, Leadville, CO 80461, USA","{'lat': 39.24423669999999, 'lng': -106.3029006}"
141,2841,Falcon School District 49,"1750 Piros Dr, Colorado Springs, CO 80915, USA","{'lat': 38.8630046, 'lng': -104.7069801}"
142,2842,Aurora First,"11001 E Alameda Ave, Aurora, CO 80012, USA","{'lat': 39.7123546, 'lng': -104.8601469}"
143,2843,Adams County School District 50,"591 E 80th Ave, Denver, CO 80229, USA","{'lat': 39.8421957, 'lng': -104.9794365}"
144,2844,Steamboat Springs School District Re 2,"325 7th St, Steamboat Springs, CO 80487, USA","{'lat': 40.4879911, 'lng': -106.8317575}"
145,2845,Cotopaxi School/community Library,"Cotopaxi, CO 81223, USA","{'lat': 38.37079749999999, 'lng': -105.6879237}"
146,2846,Littleton Public Schools incorporated,"5776 S Crocker St, Littleton, CO 80120, USA","{'lat': 39.6114529, 'lng': -105.0078019}"
147,2847,Eagle County Schools,"249 Eagle River St, Minturn, CO 81645, USA","{'lat': 39.5876983, 'lng': -106.4300798}"
148,2848,Akron School District R 1,"600 Elm Ave, Akron, CO 80720, USA","{'lat': 40.1641006, 'lng': -103.2051544}"
149,2849,Pueblo School District No. 70,"1902 Montezuma Rd, Pueblo, CO 81003, USA","{'lat': 38.2844078, 'lng': -104.6193422}"
150,2850,Denver Public Schools,"951 Elati St, Denver, CO 80204, USA","{'lat': 39.7318979, 'lng': -104.9943509}"
151,2851,Denver Public Schools,"98 Spruce St, Denver, CO 80230, USA","{'lat': 39.7221098, 'lng': -104.8940827}"
152,2852,Denver Public Schools,"5050 E 19th Ave, Denver, CO 80220, USA","{'lat': 39.7454513, 'lng': -104.9296098}"
153,2853,Denver Public Schools,"3050 S Vrain St, Denver, CO 80236, USA","{'lat': 39.659428, 'lng': -105.0459698}"
154,2854,Denver Public Schools,"3985 S Vincennes Ct, Denver, CO 80237, USA","{'lat': 39.6427776, 'lng': -104.8917106}"
155,2855,Denver Public Schools,"655 S Monaco Pkwy, Denver, CO 80224, USA","{'lat': 39.7046567, 'lng': -104.9153368}"
156,2856,Brighton School District 27J,"849 Bush St, Brighton, CO 80601, USA","{'lat': 39.98538810000001, 'lng': -104.8118984}"
157,2857,Aurora Public Schools,"82 Airport Blvd, Aurora, CO 80011, USA","{'lat': 39.7188318, 'lng': -104.7901239}"
158,2858,St Anne S Episcopal School,"2701 S York St, Denver, CO 80210, USA","{'lat': 39.66689119999999, 'lng': -104.9611545}"
159,2859,Poudre School District,"330 E Laurel St, Fort Collins, CO 80524, USA","{'lat': 40.5784281, 'lng': -105.0726909}"
160,2860,Crown Pointe Academy,"7281 Irving St, Westminster, CO 80030, USA","{'lat': 39.8283735, 'lng': -105.0319069}"
161,2861,Lewis-Palmer School District,"146 Jefferson St, Monument, CO 80132, USA","{'lat': 39.0908374, 'lng': -104.8708615}"
162,2862,Guffey Community Charter School,"1441 Co Rd 83, Boulder, CO 80302, USA","{'lat': 40.069915, 'lng': -105.3633171}"
163,2863,September School,"1902 Walnut St, Boulder, CO 80302, USA","{'lat': 40.0185959, 'lng': -105.2701194}"
164,2864,Alamosa Public Schools,"209 Victoria Ave, Alamosa, CO 81101, USA","{'lat': 37.4742734, 'lng': -105.8883328}"
165,2865,Salida School District R 32 J,"310 E 9th St, Salida, CO 81201, USA","{'lat': 38.5282288, 'lng': -105.996139}"
166,2866,Fairview HS,"956 16th St, Boulder, CO 80302, USA","{'lat': 40.0049883, 'lng': -105.2719968}"
167,2867,Fairview HS,"Boulder, CO, USA","{'lat': 40.0149856, 'lng': -105.2705456}"
168,2868,Fairview HS,"3740 Martin Dr, Boulder, CO 80305, USA","{'lat': 39.9906253, 'lng': -105.2492309}"
169,2869,Fairview HS,"10300 E South Boulder Rd, Lafayette, CO 80026, USA","{'lat': 39.986641, 'lng': -105.0736569}"
170,2870,Fairview HS,"101 E Baseline Rd, Lafayette, CO 80026, USA","{'lat': 40.0007386, 'lng': -105.0892618}"
171,2871,Fairview HS,"5500 Aspen Creek Dr, Broomfield, CO 80020, USA","{'lat': 39.9467828, 'lng': -105.0566547}"
172,2872,Fairview HS,"6500 Arapahoe Rd, Boulder, CO 80303, USA","{'lat': 40.0128181, 'lng': -105.2009241}"
173,2873,Fairview HS,"3100 Bucknell Ct, Boulder, CO 80305, USA","{'lat': 39.9924511, 'lng': -105.2566645}"
174,2874,Fairview HS,"6096 Baseline Rd, Boulder, CO 80303, USA","{'lat': 40.00324579999999, 'lng': -105.2098013}"
175,2875,Alamosa Public Schools,"209 Victoria Ave, Alamosa, CO 81101, USA","{'lat': 37.4742734, 'lng': -105.8883328}"
176,2876,Regis Jesuit High School,"6400 S Lewiston Way, Aurora, CO 80016, USA","{'lat': 39.6000567, 'lng': -104.7990445}"
177,2877,Regis Jesuit High School,"6400 S Lewiston Way, Aurora, CO 80016, USA","{'lat': 39.6000567, 'lng': -104.7990445}"
178,2878,Manual High School,"1700 E 28th Ave, Denver, CO 80205, USA","{'lat': 39.7564947, 'lng': -104.9672032}"
179,2879,Byers School District 32-j,"444 E Front St, Byers, CO 80103, USA","{'lat': 39.7080318, 'lng': -104.2174918}"
180,2880,Regis Jesuit High School,"6300 S Lewiston Way, Aurora, CO 80016, USA","{'lat': 39.6015512, 'lng': -104.8039772}"
181,2881,Fairview HS,"6500 Arapahoe Rd, Boulder, CO 80303, USA","{'lat': 40.0128181, 'lng': -105.2009241}"
182,2882,Colorado Rocky Mountain School,"1493 Co Rd 106, Carbondale, CO 81623, USA","{'lat': 39.4087133, 'lng': -107.2291459}"
183,2883,Alameda Junior Baseball,"5400 N Pecos St, Denver, CO 80221, USA","{'lat': 39.7958033, 'lng': -105.0048325}"
184,2884,Fairview HS,"1 Eagle Way, Broomfield, CO 80020, USA","{'lat': 39.9299213, 'lng': -105.0749212}"
185,2885,ST PETER LUTHERAN CHURCH,"4610 Hogan Dr, Fort Collins, CO 80525, USA","{'lat': 40.52270619999999, 'lng': -105.0704115}"
186,2886,Regis Jesuit High School,"4343 Utica St, Denver, CO 80212, USA","{'lat': 39.7756117, 'lng': -105.0454218}"
187,2887,Harrison School District 2,"1060 Harrison Rd, Colorado Springs, CO 80905, USA","{'lat': 38.7975018, 'lng': -104.8115366}"
188,2888,Park School District R-3,"1605 Brodie Ave, Estes Park, CO 80517, USA","{'lat': 40.3684331, 'lng': -105.497514}"
189,2889,Excelsior Youth Center,"15001 E Oxford Ave, Aurora, CO 80014, USA","{'lat': 39.6444402, 'lng': -104.8142951}"
190,2890,Englewood Schools,"4101 S Bannock St, Englewood, CO 80110, USA","{'lat': 39.6413843, 'lng': -104.9905016}"
191,2891,Fairview HS,"6500 Arapahoe Rd, Boulder, CO 80303, USA","{'lat': 40.0128181, 'lng': -105.2009241}"
192,2892,Harrison School District 2,"1060 Harrison Rd, Colorado Springs, CO 80905, USA","{'lat': 38.7975018, 'lng': -104.8115366}"
193,2893,Denver International School,"206 Red Cross Way, Denver, CO 80230, USA","{'lat': 39.7222727, 'lng': -104.8979602}"
194,2894,Fairview HS,"5500 Aspen Creek Dr, Broomfield, CO 80020, USA","{'lat': 39.9467828, 'lng': -105.0566547}"
195,2895,Bishop Machebeuf High School,"458 Uinta Way, Denver, CO 80230, USA","{'lat': 39.7241152, 'lng': -104.8907983}"
196,2896,Lewis-Palmer School District,"146 N Jefferson St, Monument, CO 80132, USA","{'lat': 39.0902151, 'lng': -104.8708423}"
197,2897,Adams 12 Five Star Schools,"1500 E 128th Ave, Thornton, CO 80241, USA","{'lat': 39.9268679, 'lng': -104.967171}"
198,2898,BERGAMO ACADEMY,"Denver, CO 80209, USA","{'lat': 39.7069307, 'lng': -104.9564084}"
199,2899,Mancos School Superintendent,"301 Grand Ave, Mancos, CO 81328, USA","{'lat': 37.3446048, 'lng': -108.2915777}"
200,2900,Laplata Cnty School District 10-Jt-R,"24 Clover Dr, Bayfield, CO 81122, USA","{'lat': 37.2311789, 'lng': -107.5906217}"
201,2901,Fairview HS,"6500 Arapahoe Rd, Boulder, CO 80303, USA","{'lat': 40.0128181, 'lng': -105.2009241}"
202,2902,Miami-Yoder School District 60,"420 S Rush Rd, Rush, CO 80833, USA","{'lat': 38.8257064, 'lng': -104.0920237}"
203,2903,The Watershed School,"1661 Alpine Ave, Boulder, CO 80304, USA","{'lat': 40.0261266, 'lng': -105.2755676}"
204,2904,Manual High School Calendar Friends of Manual,"1700 E 28th Ave, Denver, CO 80205, USA","{'lat': 39.7564947, 'lng': -104.9672032}"
205,2905,PONDEROSA HIGH SCHOOL,"7007 Bayou Gulch Rd, Parker, CO 80134, USA","{'lat': 39.4356956, 'lng': -104.7545013}"
206,2906,"Aspen Ridge employees are employed by Aspen Ridge School, Inc.","705 Austin Ave, Erie, CO 80516, USA","{'lat': 40.0333632, 'lng': -105.0539606}"
207,2907,Durango School district 9-R,"11274 CO-140, Hesperus, CO 81326, USA","{'lat': 37.1454203, 'lng': -108.1207278}"
208,2908,Jim Evans Academy of Professional Umpiring,"200 S Wilcox St, Castle Rock, CO 80104, USA","{'lat': 39.3665449, 'lng': -104.8598382}"
209,2909,"Global Village Academy, 403 S. Airport Blvd, Aurora, CO","403 S Airport Blvd, Aurora, CO 80017, USA","{'lat': 39.7106065, 'lng': -104.794212}"
210,2910,U.S. Air Force,"2354 Fairchild Dr, Air Force Academy, CO 80840, USA","{'lat': 39.0085084, 'lng': -104.885906}"
211,2911,Lincoln Academy,"6980 Pierce St, Arvada, CO 80003, USA","{'lat': 39.8231793, 'lng': -105.0711764}"
212,2912,Fairview HS,"805 Gillaspie Dr, Boulder, CO 80305, USA","{'lat': 39.9813431, 'lng': -105.2521549}"
213,2913,Poudre School District,"2407 Laporte Ave, Fort Collins, CO 80521, USA","{'lat': 40.5873887, 'lng': -105.12151}"
214,2914,Humanex Academy,"2700 S Zuni St, Englewood, CO 80110, USA","{'lat': 39.6674183, 'lng': -105.0152887}"
215,2915,Stone Creek Charter School,"Avon, CO 81620, USA","{'lat': 39.595736, 'lng': -106.5230542}"
216,2916,Broomfield Fives,"5720 W 120th Ave, Broomfield, CO 80020, USA","{'lat': 39.9137063, 'lng': -105.0590977}"
217,2917,Cheyenne Mountain Charter Academy,"1832 S Wahsatch Ave, Colorado Springs, CO 80905, USA","{'lat': 38.8080953, 'lng': -104.8196069}"
218,2918,Bromley East Charter School,"356 Longspur Dr, Brighton, CO 80601, USA","{'lat': 39.9823556, 'lng': -104.7461691}"
219,2919,Crowley County School District RE-1-J,"117 W 3rd St, Ordway, CO 81063, USA","{'lat': 38.2174326, 'lng': -103.7574741}"
220,2920,Poudre School District,"2407 Laporte Ave, Fort Collins, CO 80521, USA","{'lat': 40.5873887, 'lng': -105.12151}"
221,2921,Colorado Springs School District 11,"1115 N El Paso St, Colorado Springs, CO 80903, USA","{'lat': 38.8494982, 'lng': -104.8121089}"
222,2922,Humanex Academy,"2700 S Zuni St, Englewood, CO 80110, USA","{'lat': 39.6674183, 'lng': -105.0152887}"
223,2923,Harrison School District Two,"1060 Harrison Rd, Colorado Springs, CO 80905, USA","{'lat': 38.7975018, 'lng': -104.8115366}"
224,2924,Adams County School Dist,"591 E 80th Ave, Denver, CO 80229, USA","{'lat': 39.842188, 'lng': -104.9794107}"
225,2925,Colorado Springs School District 11,"1115 N El Paso St, Colorado Springs, CO 80903, USA","{'lat': 38.8494982, 'lng': -104.8121089}"
226,2926,Fairview HS,"Boulder, CO 80301, USA","{'lat': 40.04065060000001, 'lng': -105.2077798}"
227,2927,Fairview HS,"2410 13th St, Boulder, CO 80304, USA","{'lat': 40.023463, 'lng': -105.279338}"
228,2928,U.S. Air Force,"Airfield Dr, US AIR FORCE, CO 80840, USA","{'lat': 38.9641427, 'lng': -104.8145415}"
229,2929,Fairview HS,"1604 Arapahoe Ave, Boulder, CO 80302, USA","{'lat': 40.0139489, 'lng': -105.2733809}"
230,2930,Cedaredge Elementary School,"360 N Grand Mesa Dr, Cedaredge, CO 81413, USA","{'lat': 38.9038202, 'lng': -107.9245281}"
231,2931,Gunnison Watershed School Dist,"800 N Boulevard St, Gunnison, CO 81230, USA","{'lat': 38.5528033, 'lng': -106.9328169}"
232,2932,Swan Bal Childrens Center,"1145 E 13th Ave, Broomfield, CO 80020, USA","{'lat': 39.9368003, 'lng': -105.0570657}"
233,2933,Fairview HS,"3995 Aurora Ave, Boulder, CO 80303, USA","{'lat': 40.0042643, 'lng': -105.2437082}"
234,2934,Lewis-Palmer School District,"4285 Walker Rd, Colorado Springs, CO 80908, USA","{'lat': 39.0915477, 'lng': -104.7484023}"
235,2935,Fairfax County Public Schools,"1325 E 16th Ave, Denver, CO 80218, USA","{'lat': 39.741873, 'lng': -104.97002}"
236,2936,SAN JUAN BOCS,"11274 CO-140, Hesperus, CO 81326, USA","{'lat': 37.1454203, 'lng': -108.1207278}"
237,2937,Otis School,"518 Dungan St, Otis, CO 80743, USA","{'lat': 40.153895, 'lng': -102.967962}"
238,2938,St Anne S Episcopal School,"2701 S York St, Denver, CO 80210, USA","{'lat': 39.66689119999999, 'lng': -104.9611545}"
239,2939,Academy Charter School,"555 Heritage Ave, Castle Rock, CO 80104, USA","{'lat': 39.3735386, 'lng': -104.8151395}"
240,2940,Miami-Yoder School District 60,"420 S Rush Rd, Rush, CO 80833, USA","{'lat': 38.8257064, 'lng': -104.0920237}"
241,2941,Middle School Ministries,"1820 15th St, Boulder, CO 80302, USA","{'lat': 40.0173226, 'lng': -105.2747948}"
242,2942,Lewis-Palmer School District,"146 N Jefferson St, Monument, CO 80132, USA","{'lat': 39.0902151, 'lng': -104.8708423}"
243,2943,Platte River Academy,"6270 S Coventry Ln E, Littleton, CO 80123, USA","{'lat': 39.6032333, 'lng': -105.0494857}"
244,2944,FALLIS ELEM. SCHOOL,"1250 Welton St, Denver, CO 80204, USA","{'lat': 39.7407838, 'lng': -104.9949292}"
245,2945,Fairview HS,"Boulder, CO 80301, USA","{'lat': 40.04065060000001, 'lng': -105.2077798}"
246,2946,Bishop Machebeuf High School,"458 Uinta Way, Denver, CO 80230, USA","{'lat': 39.7241606, 'lng': -104.8907526}"
247,2947,Platte River Academy,"4085 Lark Sparrow St, Littleton, CO 80126, USA","{'lat': 39.5519578, 'lng': -104.9413494}"
248,2948,Aurora Public Schools,"1085 Peoria St, Aurora, CO 80010, USA","{'lat': 39.7324591, 'lng': -104.8476965}"
249,2949,Tim Tiny Center Inc,"611 Korte Pkwy, Longmont, CO 80501, USA","{'lat': 40.1508767, 'lng': -105.122515}"
250,2950,Driftwood Elementary School,"1890 E 58th Ave, Denver, CO 80216, USA","{'lat': 39.801024, 'lng': -104.964786}"
251,2951,Colorado Springs School District 11,"1115 N El Paso St, Colorado Springs, CO 80903, USA","{'lat': 38.8494982, 'lng': -104.8121089}"
252,2952,Lewis-Palmer School District,"1776 Woodmoor Dr, Monument, CO 80132, USA","{'lat': 39.1020273, 'lng': -104.8608958}"
253,2953,Denver Christian Schools,"2135 S Pearl St, Denver, CO 80210, USA","{'lat': 39.6779951, 'lng': -104.9810184}"
254,2954,Colorado Springs School District 11,"1200 Federal Blvd #1, Denver, CO 80204, USA","{'lat': 39.7352669, 'lng': -105.0242368}"
255,2955,SAN JUAN BOCS,"201 E 12th St, Durango, CO 81301, USA","{'lat': 37.2768563, 'lng': -107.878149}"
256,2956,Durango School district 9-R,"201 E 12th St, Durango, CO 81301, USA","{'lat': 37.2768563, 'lng': -107.878149}"
257,2957,Aspen Country Day School,"3 Music School Rd, Aspen, CO 81611, USA","{'lat': 39.1779746, 'lng': -106.8398166}"
258,2958,Sacred Heart of Jesus Parish,"2312 14th St, Boulder, CO 80304, USA","{'lat': 40.0217809, 'lng': -105.278204}"
259,2959,Lewis-Palmer School District,"66 Jefferson St, Monument, CO 80132, USA","{'lat': 39.0894571, 'lng': -104.8700897}"
260,2960,Poudre School District,"3511 W County Rd 54G, Laporte, CO 80535, USA","{'lat': 40.6263111, 'lng': -105.1438042}"
261,2961,Otis School,"Haxtun, CO 80731, USA","{'lat': 40.6411022, 'lng': -102.6268584}"
262,2962,Harrison School District 2,"2145 S Chelton Rd, Colorado Springs, CO 80916, USA","{'lat': 38.8033767, 'lng': -104.7415902}"
263,2963,Adams County School Dist,"591 E 80th Ave, Denver, CO 80229, USA","{'lat': 39.8421957, 'lng': -104.9794365}"
264,2964,North Central Association of Schools for the Blind,"6060 Broadway, Denver, CO 80216, USA","{'lat': 39.8070297, 'lng': -104.9867019}"
265,2965,Fairview HS,"6600 Arapahoe Rd, Boulder, CO 80303, USA","{'lat': 40.013589, 'lng': -105.1980904}"
266,2966,FALLIS ELEM. SCHOOL,"7125 Cherry Creek N Dr, Denver, CO 80224, USA","{'lat': 39.688413, 'lng': -104.905969}"
267,2967,Columbine High School,"6201 S Pierce St, Littleton, CO 80123, USA","{'lat': 39.6041196, 'lng': -105.0738652}"
268,2968,U.S. Air Force,"2304 Cadet Dr #3100, Air Force Academy, CO 80840, USA","{'lat': 39.0083543, 'lng': -104.8904333}"
269,2969,Poudre School District,"2407 Laporte Ave, Fort Collins, CO 80521, USA","{'lat': 40.5873887, 'lng': -105.12151}"
270,2970,Harrison School district 2,"1060 Harrison Rd, Colorado Springs, CO 80905, USA","{'lat': 38.7975018, 'lng': -104.8115366}"
271,2971,Evangelical Christian Academy,"2511 N Logan Ave, Colorado Springs, CO 80907, USA","{'lat': 38.8690654, 'lng': -104.7974849}"
272,2972,Montrose High School,"Montrose, CO, USA","{'lat': 38.4783198, 'lng': -107.8761738}"
273,2973,Colorado Society Of School Pyschologists,"2115 Grand Ave, Grand Junction, CO 81501, USA","{'lat': 39.0698499, 'lng': -108.540148}"
274,2974,Bollman Technical Education Center,"1500 E 128th Ave, Thornton, CO 80241, USA","{'lat': 39.9268679, 'lng': -104.967171}"
275,2975,Montessori School of Denver,"1460 S Holly St, Denver, CO 80222, USA","{'lat': 39.6900598, 'lng': -104.9218661}"
276,2976,Bollman Technical Education Center,"11800 Lowell Blvd, Westminster, CO 80031, USA","{'lat': 39.9115668, 'lng': -105.0332766}"
277,2977,Bollman Technical Education Center,"1500 E 128th Ave, Thornton, CO 80241, USA","{'lat': 39.9268679, 'lng': -104.967171}"
278,2978,Bollman Technical Education Center,"9908 Garfield Ct, Thornton, CO 80229, USA","{'lat': 39.8760578, 'lng': -104.94338}"
279,2979,Colorado Council International Reading Association,"2407 Laporte Ave, Fort Collins, CO 80521, USA","{'lat': 40.5873887, 'lng': -105.12151}"
280,2980,Bollman Technical Education Center,"11800 Lowell Blvd, Westminster, CO 80031, USA","{'lat': 39.9115668, 'lng': -105.0332766}"
281,2981,CSI Board Meetings,"1580 Logan St, Denver, CO 80203, USA","{'lat': 39.7414858, 'lng': -104.982143}"
282,2982,Highline Academy,"7808 Cherry Creek S Dr #304, Denver, CO 80231, USA","{'lat': 39.6790294, 'lng': -104.8984349}"
283,2983,Montessori School of Denver,"1460 S Holly St, Denver, CO 80222, USA","{'lat': 39.6900713, 'lng': -104.9220253}"
284,2984,Bollman Technical Education Center,"601 W 100th Pl, Northglenn, CO 80260, USA","{'lat': 39.8799987, 'lng': -104.9951118}"
285,2985,Colorado Society Of School Pyschologists,"2115 Grand Ave, Grand Junction, CO 81501, USA","{'lat': 39.0698499, 'lng': -108.540148}"
286,2986,Colorado Society Of School Pyschologists,"Grand Junction, CO 81504, USA","{'lat': 39.0907963, 'lng': -108.4869555}"
287,2987,Bollman Technical Education Center,"12194 Adams St, Thornton, CO 80241, USA","{'lat': 39.9175413, 'lng': -104.9493578}"
288,2988,Bollman Technical Education Center,"1451 Leroy Dr, Northglenn, CO 80233, USA","{'lat': 39.8897131, 'lng': -104.968776}"
289,2989,Baseball,"208 1st St, Ault, CO 80610, USA","{'lat': 40.5815122, 'lng': -104.7369596}"
290,2990,J.K. Mullen High School,"3601 S Lowell Blvd, Denver, CO 80236, USA","{'lat': 39.65129, 'lng': -105.0363376}"
291,2991,OS Redirect,"600 E Mountain View Ave, Longmont, CO 80504, USA","{'lat': 40.1825231, 'lng': -105.0814977}"
292,2992,Middle Park Land Trust,"325 7th St, Steamboat Springs, CO 80487, USA","{'lat': 40.4879911, 'lng': -106.8317575}"
293,2993,Bollman Technical Education Center,"11551 Wyco Dr, Northglenn, CO 80233, USA","{'lat': 39.90629, 'lng': -104.9660833}"
294,2994,Eagle Valley High School Athletics,"CO-9, Frisco, CO, USA","{'lat': 39.5758182, 'lng': -106.0924229}"
295,2995,STAR Academy,"2520 Airport Rd, Colorado Springs, CO 80910, USA","{'lat': 38.8267172, 'lng': -104.7821519}"
296,2996,Jeffco Public Schools,"1829 Denver W Dr, Golden, CO 80401, USA","{'lat': 39.7385227, 'lng': -105.1646064}"
297,2997,Adams County School District 50,"6933 Raleigh St, Westminster, CO 80030, USA","{'lat': 39.8239767, 'lng': -105.0418483}"
298,2998,Colorado Council International Reading Association,"2407 Laporte Ave, Fort Collins, CO 80521, USA","{'lat': 40.5873887, 'lng': -105.12151}"
299,2999,Colorado Sports Turf Managers Association,"4476 W 68th Ave, Westminster, CO 80030, USA","{'lat': 39.8220039, 'lng': -105.0442136}"
