,_id,Name,Address,Geocodes
0,0,Anchorage School District,"5530 E Northern Lights Blvd, Anchorage, AK 99504, USA","{'lat': 61.19412589999999, 'lng': -149.7756012}"
1,1,Anchorage School District,"Anchorage, AK 99509, USA","{'lat': 61.1993718, 'lng': -149.9186747}"
2,2,Fairbanks North Star Borough Schools,"520 5th Ave, Fairbanks, AK 99707, USA","{'lat': 64.8420959, 'lng': -147.7180882}"
3,3,Saint Mary's City High School,"St Mary's, AK 99658, USA","{'lat': 62.0711223, 'lng': -163.2586855}"
4,4,Ketchikan Gateway Borough School District,"333 Schoenbar Rd, Ketchikan, AK 99901, USA","{'lat': 55.346435, 'lng': -131.6385957}"
5,5,Highland Tech High School,"5530 E Northern Lights Blvd, Anchorage, AK 99504, USA","{'lat': 61.1939631, 'lng': -149.7754994}"
6,6,Holy Cross School,"2627 Lore Rd, Anchorage, AK 99507, USA","{'lat': 61.1532247, 'lng': -149.8333514}"
7,7,Anchorage School District,"5530 E Northern Lights Blvd, Anchorage, AK 99504, USA","{'lat': 61.1939631, 'lng': -149.7754994}"
8,8,Anchorage School District,"1400 E Northern Lights Blvd, Anchorage, AK 99508, USA","{'lat': 61.1940101, 'lng': -149.8556339}"
9,9,Lower Kuskokwim Schools,"Bethel, AK, USA","{'lat': 60.7922222, 'lng': -161.7558334}"
10,10,Southeast Island School District,"Thorne Bay, AK, USA","{'lat': 55.6877778, 'lng': -132.5222222}"
11,11,YUKON KOYUKUK SCHOOL DISTRICT,"4762 Old Airport Rd, Fairbanks, AK 99709, USA","{'lat': 64.8351125, 'lng': -147.8290092}"
12,12,Lake & Peninsula School District,"King Salmon, AK, USA","{'lat': 58.68832510000001, 'lng': -156.661351}"
13,13,Sitka School District,"300 Kostrometinoff St, Sitka, AK 99835, USA","{'lat': 57.0646549, 'lng': -135.3519337}"
14,14,Alaska School Activities Association,"5530 E Northern Lights Blvd, Anchorage, AK 99504, USA","{'lat': 61.1939631, 'lng': -149.7754994}"
15,15,Anchorage School District,"4600 Debarr Road, Anchorage, AK 99508, USA","{'lat': 61.2090608, 'lng': -149.7943718}"
16,16,Alaska School Activities Association,"520 5th Ave, Fairbanks, AK 99707, USA","{'lat': 64.8420959, 'lng': -147.7180882}"
17,17,Anchorage School District,"5530 E Northern Lights Blvd, Anchorage, AK 99504, USA","{'lat': 61.1939631, 'lng': -149.7754994}"
18,18,Unalaska City School District,"55 E Broadway Ave #570, Unalaska, AK 99685, USA","{'lat': 53.8727369, 'lng': -166.5299967}"
19,19,Lake & Peninsula School District,"101 Jensen Dr, King Salmon, AK 99613, USA","{'lat': 58.7015866, 'lng': -156.6659318}"
20,20,Pacific Northern Academy,"550 Bragaw St, Anchorage, AK 99508, USA","{'lat': 61.2175846, 'lng': -149.8103761}"
21,21,Ketchikan High School,"333 Schoenbar Rd, Ketchikan, AK 99901, USA","{'lat': 55.346435, 'lng': -131.6385957}"
22,22,Lower Yukon School District,"Pilot Station, AK 99650, USA","{'lat': 61.9361529, 'lng': -162.8921505}"
23,23,DANVILLE MIDDLE SCHOOL,"5933 AL-36, Danville, AL 35619, USA","{'lat': 34.4156667, 'lng': -87.0934047}"
24,24,FRANCES NUNGESTER ELEMENTARY,"726 Tammy St SW, Decatur, AL 35603, USA","{'lat': 34.5470561, 'lng': -86.9968114}"
25,25,Westbrook Christian School,"100 Westminster Dr, Rainbow City, AL 35906, USA","{'lat': 33.9669243, 'lng': -86.0621287}"
26,26,Dale County High School,"Ozark, AL 36361, USA","{'lat': 31.46, 'lng': -85.64}"
27,27,Greenwood Christian Academy,"204 Pride Ln, Decatur, AL 35603, USA","{'lat': 34.5453096, 'lng': -86.98160779999999}"
28,28,Julian-harris Elementary Schl,"1922 McAuliffe Dr SW, Decatur, AL 35603, USA","{'lat': 34.576657, 'lng': -87.03421999999999}"
29,29,Dale County High School,"1140 Dale Rd, Midland City, AL 36350, USA","{'lat': 31.3045734, 'lng': -85.4577808}"
30,30,Linden High School,"Linden, AL 36748, USA","{'lat': 32.3062534, 'lng': -87.7980665}"
31,31,St. Bede School,"3840 Atlanta Hwy, Montgomery, AL 36109, USA","{'lat': 32.3826942, 'lng': -86.2485177}"
32,32,Westbrook Christian School,"100 Westminster Dr, Rainbow City, AL 35906, USA","{'lat': 33.9669243, 'lng': -86.0621287}"
33,33,First Baptist Church,"724 4th St, Pleasant Grove, AL 35127, USA","{'lat': 33.5004227, 'lng': -86.9753132}"
34,34,Edgewood Academy School,"5475 Elmore Rd, Elmore, AL 36025, USA","{'lat': 32.5467452, 'lng': -86.29254089999999}"
35,35,Mountain View-Whisman School District,"2257 Montgomery Hwy, Dothan, AL 36303, USA","{'lat': 31.2410158, 'lng': -85.415752}"
36,36,Whitesburg Baptist Church,"6806 Whitesburg Dr, Huntsville, AL 35802, USA","{'lat': 34.6754636, 'lng': -86.5691307}"
37,37,Lawrence County School District,"99 Co Rd 370, Trinity, AL 35673, USA","{'lat': 34.5667011, 'lng': -87.1716196}"
38,38,Morgan County Schools,"20 School Rd, Eva, AL 35621, USA","{'lat': 34.333504, 'lng': -86.7643016}"
39,39,Christian School of Grace Baptist Church,"210 Good Hope School Rd, Good Hope, AL 35057, USA","{'lat': 34.103854, 'lng': -86.8808298}"
40,40,Christ The King Catholic School,"1503 Main St, Daphne, AL 36526, USA","{'lat': 30.6001866, 'lng': -87.9032814}"
41,41,Children's Health System,"1600 7th Ave S, Birmingham, AL 35233, USA","{'lat': 33.5053682, 'lng': -86.8058712}"
42,42,Morgan County Schools,"1325 Point Mallard Pkwy, Decatur, AL 35601, USA","{'lat': 34.5593288, 'lng': -86.96815749999999}"
43,43,St. Paul,"161 Dogwood Ln, Mobile, AL 36608, USA","{'lat': 30.6976731, 'lng': -88.1340953}"
44,44,Lawrence County School District,"6559 Co Rd 81, Danville, AL 35619, USA","{'lat': 34.4182085, 'lng': -87.168651}"
45,45,Boston Public Schools,"Hwy 72 W, Alabama, USA","{'lat': 34.7547769, 'lng': -86.7359541}"
46,46,Cullman City Schools,"301 1st St NE STE 100, Cullman, AL 35055, USA","{'lat': 34.1791827, 'lng': -86.8406992}"
47,47,Caldwell School District,"3421 Sierra Dr, Hoover, AL 35216, USA","{'lat': 33.39248, 'lng': -86.8033207}"
48,48,Cullman City Schools,"301 1st St NE STE 100, Cullman, AL 35055, USA","{'lat': 34.1791827, 'lng': -86.8406992}"
49,49,CORNERSTONE CHRISTIAN SCHOOL,"3211 Spring Ave SW, Decatur, AL 35603, USA","{'lat': 34.5487446, 'lng': -87.00149890000002}"
50,50,Morgan County Schools,"261 S Greenway Dr, Trinity, AL 35673, USA","{'lat': 34.5856754, 'lng': -87.07776179999999}"
51,51,Montessori Regional Charter School,"803 Rainbow Dr, Gadsden, AL 35901, USA","{'lat': 34.0023689, 'lng': -86.0045629}"
52,52,Tuscaloosa County Schools,"12500 Wildcat Dr, Northport, AL 35475, USA","{'lat': 33.3076321, 'lng': -87.60830089999999}"
53,53,West Point High School,"402 Arnold St NE, Cullman, AL 35055, USA","{'lat': 34.1808389, 'lng': -86.8404266}"
54,54,Decatur City Schools,"408 Bank St NE, Decatur, AL 35601, USA","{'lat': 34.6107331, 'lng': -86.98681619999999}"
55,55,GOOD HOPE ELEMENTARY,"204 Good Hope School Rd, Cullman, AL 35057, USA","{'lat': 34.103079, 'lng': -86.879307}"
56,56,Morgan County Schools,"8688 Danville Rd, Danville, AL 35619, USA","{'lat': 34.4320366, 'lng': -87.0899723}"
57,57,Morgan County Schools,"317 Hwy 67 S, Decatur, AL 35603, USA","{'lat': 34.527265, 'lng': -86.8976277}"
58,58,Morgan County Schools,"Hwy 67 S, Decatur, AL 35603, USA","{'lat': 34.5033428, 'lng': -86.86117519999999}"
59,59,Children's Health System,"1600 7th Ave S, Birmingham, AL 35233, USA","{'lat': 33.5053682, 'lng': -86.8058712}"
60,60,Bibb County High School,"157 SW Davidson Dr, Centreville, AL 35042, USA","{'lat': 32.9463081, 'lng': -87.1350808}"
61,61,Greene County Board of Educn,"220 Main St, Eutaw, AL 35462, USA","{'lat': 32.8413076, 'lng': -87.8900961}"
62,62,St Joseph Catholic School,"115 Plum St, Florence, AL 35630, USA","{'lat': 34.8051931, 'lng': -87.6633918}"
63,63,West Morgan Elementary School,"571 Old Hwy 24, Trinity, AL 35673, USA","{'lat': 34.5964593, 'lng': -87.06659220000002}"
64,64,Boaz Intermediate School,"Boaz, AL, USA","{'lat': 34.2031662, 'lng': -86.15209689999999}"
65,65,FLORENCE CITY OF SCHOOLS FLORENCE FRESHM,"541 Riverview Dr, Florence, AL 35630, USA","{'lat': 34.7935464, 'lng': -87.6800487}"
66,66,Paul's Lutheran School,"510 3rd Ave SE, Cullman, AL 35055, USA","{'lat': 34.1745716, 'lng': -86.8389778}"
67,67,Morgan County Schools,"59 Eva Rd, Somerville, AL 35670, USA","{'lat': 34.4135312, 'lng': -86.7042085}"
68,68,Northeast Alabama Community College,"159 Dekalb Dr SW, Rainsville, AL 35986, USA","{'lat': 34.4950658, 'lng': -85.853843}"
69,69,Springwood School,"Lanett, AL 36863, USA","{'lat': 32.86873910000001, 'lng': -85.1904971}"
70,70,Jefferson County Board of Education,"2100 Richard Arrington Jr Blvd S, Birmingham, AL 35209, USA","{'lat': 33.4876138, 'lng': -86.79379829999999}"
71,71,Montgomery Public Schools,"307 S Decatur St, Montgomery, AL 36104, USA","{'lat': 32.373982, 'lng': -86.3019755}"
72,72,Santa Paula Union High School District,"1114 Oxmoor Rd, Birmingham, AL 35209, USA","{'lat': 33.4745999, 'lng': -86.806499}"
73,73,Birmingham City Pub Sch Dist,"2015 Park Pl, Birmingham, AL 35203, USA","{'lat': 33.5196948, 'lng': -86.80877459999999}"
74,74,Berwyn South SD 100,"736 Bluewood Dr SE, Huntsville, AL 35802, USA","{'lat': 34.6516387, 'lng': -86.5543658}"
75,75,Tuscaloosa County Schools,"2314 9th St, Tuscaloosa, AL 35401, USA","{'lat': 33.2065199, 'lng': -87.56618639999999}"
76,76,Lamar County School District,"Vernon, AL 35592, USA","{'lat': 33.7570541, 'lng': -88.1089185}"
77,77,Tuscaloosa County Schools,"2400 34th Ave, Northport, AL 35476, USA","{'lat': 33.2338367, 'lng': -87.59005119999999}"
78,78,Choctaw County High School,"107 Tom Orr Ave, Butler, AL 36904, USA","{'lat': 32.0848884, 'lng': -88.232727}"
79,79,Morgan County Schools,"1325 Point Mallard Pkwy, Decatur, AL 35601, USA","{'lat': 34.5593288, 'lng': -86.96815749999999}"
80,80,Clay County of School District,"Ashland, AL 36251, USA","{'lat': 33.2737256, 'lng': -85.83607409999999}"
81,81,Tuscaloosa County Schools,"Tuscaloosa, AL 35403, USA","{'lat': 33.2028687, 'lng': -87.5624363}"
82,82,Tuscaloosa County Schools,"300 Patriot Pkwy, Tuscaloosa, AL 35405, USA","{'lat': 33.1300818, 'lng': -87.5378856}"
83,83,Children's Health System,"1600 7th Ave S, Birmingham, AL 35233, USA","{'lat': 33.5053682, 'lng': -86.8058712}"
84,84,Northeast Alabama Community College,"Rainsville, AL 35986, USA","{'lat': 34.5039911, 'lng': -85.8281458}"
85,85,Children's Health System,"2000 Southbridge Pkwy, Birmingham, AL 35209, USA","{'lat': 33.4880095, 'lng': -86.7900026}"
86,86,Children's Health System,"1940 Elmer J Bissell Rd, Birmingham, AL 35243, USA","{'lat': 33.4130457, 'lng': -86.7624548}"
87,87,Christ The King Catholic School,"Daphne, AL 36526, USA","{'lat': 30.6257115, 'lng': -87.8746146}"
88,88,Whitesburg Baptist Church,"6806 Whitesburg Dr, Huntsville, AL 35802, USA","{'lat': 34.6754636, 'lng': -86.5691307}"
89,89,St. Paul,"161 Dogwood Ln, Mobile, AL 36608, USA","{'lat': 30.6976731, 'lng': -88.1340953}"
90,90,Chilton County High School,"1705 Lay Dam Rd, Clanton, AL 35045, USA","{'lat': 32.8688004, 'lng': -86.6223303}"
91,91,Butler County Board of Education,"100 Butler St, Greenville, AL 36037, USA","{'lat': 31.8332689, 'lng': -86.6259535}"
92,92,Children's Health System,"1600 6th Ave S, Birmingham, AL 35233, USA","{'lat': 33.504132, 'lng': -86.8054003}"
93,93,CONECUH COUNTY,"100 Jackson St, Evergreen, AL 36401, USA","{'lat': 31.4348457, 'lng': -86.9549771}"
94,94,Portland Education Partnership,"7900 Dickey Springs Rd, Bessemer, AL 35022, USA","{'lat': 33.3263131, 'lng': -86.97297569999999}"
95,95,St. Paul,"161 Dogwood Ln, Mobile, AL 36608, USA","{'lat': 30.6976731, 'lng': -88.1340953}"
96,96,Catholic High School,"4810 Bradford Dr NW, Huntsville, AL 35805, USA","{'lat': 34.727039, 'lng': -86.6553624}"
97,97,Randolph School,"1005 Drake Ave SE, Huntsville, AL 35802, USA","{'lat': 34.7064096, 'lng': -86.5586052}"
98,98,Florence City Schools,"1201 Bradshaw Dr, Florence, AL 35630, USA","{'lat': 34.8343982, 'lng': -87.66332179999999}"
99,99,Children's Health System,"1600 7th Ave S, Birmingham, AL 35233, USA","{'lat': 33.5053682, 'lng': -86.8058712}"
100,100,Chilton County High School,"1214 7th St S, Clanton, AL 35045, USA","{'lat': 32.8220151, 'lng': -86.6120401}"
101,101,Creekside Elementary School,"16049 Sanderson Rd, Harvest, AL 35749, USA","{'lat': 34.7900439, 'lng': -86.7986413}"
102,102,Homewood Middle School,"395 Mecca Ave, Homewood, AL 35209, USA","{'lat': 33.4772552, 'lng': -86.81112859999999}"
103,103,Litchfield High School,"1109 E Broad St, Gadsden, AL 35903, USA","{'lat': 33.9984901, 'lng': -85.98348820000001}"
104,104,Homewood Middle School,"213 Hall Ave, Birmingham, AL 35209, USA","{'lat': 33.4572361, 'lng': -86.8253288}"
105,105,Homewood Middle School,"901 College Ave, Birmingham, AL 35209, USA","{'lat': 33.4711735, 'lng': -86.8093239}"
106,106,Talladega City Schools,"Waldo, AL 35161, USA","{'lat': 33.4358601, 'lng': -86.1024172}"
107,107,Children's Health System,"1600 7th Ave S, Birmingham, AL 35233, USA","{'lat': 33.5053682, 'lng': -86.8058712}"
108,108,St Lukes Episcopal School,"3975 Japonica Ln, Mobile, AL 36693, USA","{'lat': 30.6467167, 'lng': -88.14152930000002}"
109,109,Sylacauga City Board of Education,"605 W 4th St, Sylacauga, AL 35150, USA","{'lat': 33.17128, 'lng': -86.2602598}"
110,110,St James Catholic School,"700 N Albert Rains Blvd, Gadsden, AL 35901, USA","{'lat': 34.0236539, 'lng': -85.98887239999999}"
111,111,St. Bernard Preparatory School,"1600 St Bernard Dr, Cullman, AL 35055, USA","{'lat': 34.176607, 'lng': -86.814453}"
112,112,Hartselle City Schools,"305 College St NE, Hartselle, AL 35640, USA","{'lat': 34.447006, 'lng': -86.9315409}"
113,113,John Carroll Catholic High School,"300 Lakeshore Pkwy, Birmingham, AL 35209, USA","{'lat': 33.4436319, 'lng': -86.8339567}"
114,114,Hartselle City Schools,"600 Crestline Dr SW, Hartselle, AL 35640, USA","{'lat': 34.4383635, 'lng': -86.947701}"
115,115,Decatur Heritage Academy,"2014 Sandlin Rd SW, Decatur, AL 35601, USA","{'lat': 34.5744585, 'lng': -86.9901883}"
116,116,W F Burns Junior High School,"Valley, AL 36854, USA","{'lat': 32.8187406, 'lng': -85.1793852}"
117,117,Hale County High School,"Akron, AL 35441, USA","{'lat': 32.8765165, 'lng': -87.7425105}"
118,118,LGS Recreation,"2868 Co Rd 1678, Cullman, AL 35058, USA","{'lat': 34.2048702, 'lng': -86.6424711}"
119,119,Davis Joint Unified School District,"402 Oak St NE, Decatur, AL 35601, USA","{'lat': 34.6088127, 'lng': -86.9851956}"
120,120,John Carroll Catholic High School,"300 Lakeshore Pkwy, Birmingham, AL 35209, USA","{'lat': 33.4436319, 'lng': -86.8339567}"
121,121,Decatur Heritage Academy,"3802 Spring Ave SW, Decatur, AL 35603, USA","{'lat': 34.5367674, 'lng': -86.99815509999999}"
122,122,Decatur Heritage Academy,"Morgan Ave SW, Decatur, AL 35601, USA","{'lat': 34.5700579, 'lng': -87.0079944}"
123,123,Decatur Heritage Academy,"2014 Sandlin Rd SW, Decatur, AL 35601, USA","{'lat': 34.5744585, 'lng': -86.9901883}"
124,124,Hartselle City Schools,"305 College St NE, Hartselle, AL 35640, USA","{'lat': 34.447006, 'lng': -86.9315409}"
125,125,Cleburne Co Elementary School,"93 Education St, Heflin, AL 36264, USA","{'lat': 33.6475979, 'lng': -85.57487259999999}"
126,126,Decatur Heritage Academy,"Decatur, AL 35601, USA","{'lat': 34.627813, 'lng': -87.0424393}"
127,127,W F Burns Junior High School,"10180 Co Rd 222, Five Points, AL 36855, USA","{'lat': 33.0173639, 'lng': -85.34353329999999}"
128,128,East Elementary School,"608 4th Ave SE, Cullman, AL 35055, USA","{'lat': 34.1734744, 'lng': -86.8359173}"
129,129,Cullman High School,"301 1st St NE STE 100, Cullman, AL 35055, USA","{'lat': 34.1791827, 'lng': -86.8406992}"
130,130,W F Burns Junior High School,"292 Johnson St, Valley, AL 36854, USA","{'lat': 32.8061754, 'lng': -85.195962}"
131,131,Tarrant High School,"830 Jefferson Blvd, Birmingham, AL 35217, USA","{'lat': 33.5736512, 'lng': -86.7780654}"
132,132,Opelika City Schools,"8 Morris Ave, Opelika, AL 36801, USA","{'lat': 32.6809103, 'lng': -85.3711869}"
133,133,Hale County High School,"537 Alabama Ave, Moundville, AL 35474, USA","{'lat': 32.9998601, 'lng': -87.632612}"
134,134,Hale County High School,"Akron, AL 35441, USA","{'lat': 32.8765165, 'lng': -87.7425105}"
135,135,Hale County High School,"1801 South St, Greensboro, AL 36744, USA","{'lat': 32.7027253, 'lng': -87.599775}"
136,136,Mcgill-Toolen High School (Inc),"1501 Old Shell Rd, Mobile, AL 36604, USA","{'lat': 30.6892674, 'lng': -88.0723447}"
137,137,Hale County High School,"1115 Powers St, Greensboro, AL 36744, USA","{'lat': 32.7063254, 'lng': -87.5935208}"
138,138,Text and Academic Authors Association,"1 Harrison Plaza, Florence, AL 35630, USA","{'lat': 34.8074555, 'lng': -87.6811676}"
139,139,St. Bernard Preparatory School,"1600 St Bernard Dr SE, Cullman, AL 35055, USA","{'lat': 34.1771806, 'lng': -86.8180331}"
140,140,Mcgill-Toolen High School (Inc),"1501 Old Shell Rd, Mobile, AL 36604, USA","{'lat': 30.6892674, 'lng': -88.0723447}"
141,141,Decatur Heritage Academy,"3802 Spring Ave SW, Decatur, AL 35603, USA","{'lat': 34.5367674, 'lng': -86.99815509999999}"
142,142,Decatur Heritage Academy,"3802 Spring Ave SW, Decatur, AL 35603, USA","{'lat': 34.5367674, 'lng': -86.99815509999999}"
143,143,Sheffield City School District,"300 W 6th St, Sheffield, AL 35660, USA","{'lat': 34.7643403, 'lng': -87.7014423}"
144,144,Text and Academic Authors Association,"1 Harrison Plaza, Florence, AL 35632, USA","{'lat': 34.8074692, 'lng': -87.68129379999999}"
145,145,Hale County High School,"Moundville, AL, USA","{'lat': 32.9976242, 'lng': -87.6300075}"
146,146,Hale County High School,"3125 Co Rd 10, Newbern, AL 36765, USA","{'lat': 32.5649452, 'lng': -87.5794756}"
147,147,Barbour County High School,"Clayton, AL 36016, USA","{'lat': 31.8782162, 'lng': -85.44966269999999}"
148,148,Hale County High School,"517 Hale St, Greensboro, AL 36744, USA","{'lat': 32.7086073, 'lng': -87.5886517}"
149,149,John Carroll Catholic High School,"300 Lakeshore Pkwy, Birmingham, AL 35209, USA","{'lat': 33.4436319, 'lng': -86.8339567}"
150,150,West End High School,"1840 Pearson Ave SW, Birmingham, AL 35211, USA","{'lat': 33.4841752, 'lng': -86.8683353}"
151,151,Tarrant High School,"1318 Alabama St, Birmingham, AL 35217, USA","{'lat': 33.5733633, 'lng': -86.77839759999999}"
152,152,Sheffield City School District,"2800 E 19th Ave, Sheffield, AL 35660, USA","{'lat': 34.7691688, 'lng': -87.6898533}"
153,153,Learning Tree,"6344 Roy Webb Rd, Piedmont, AL 36272, USA","{'lat': 33.9206335, 'lng': -85.7258877}"
154,154,Alabama Avenue Middle School,"Evan's Elementary School, 901 W McKinney Ave, Albertville, AL 35950, USA","{'lat': 34.2739856, 'lng': -86.21997879999999}"
155,155,Opelika City Schools,"2801 Waverly Pkwy, Opelika, AL 36801, USA","{'lat': 32.6491692, 'lng': -85.4209522}"
156,156,Athens City Schools,"219 Christine St, Athens, AL 35611, USA","{'lat': 34.7960512, 'lng': -86.9673967}"
157,157,Holy Spirit Catholic Preschool,"711 37th St E, Tuscaloosa, AL 35405, USA","{'lat': 33.1747483, 'lng': -87.528064}"
158,158,Donoho School,"2501 Henry Rd, Anniston, AL 36207, USA","{'lat': 33.6537162, 'lng': -85.7907693}"
159,159,UMS-Wright Preparatory School,"65 Mobile St N, Mobile, AL 36607, USA","{'lat': 30.6917807, 'lng': -88.1053391}"
160,160,Text and Academic Authors Association,"1 Harrison Plaza, Florence, AL 35630, USA","{'lat': 34.8074555, 'lng': -87.6811676}"
161,161,Text and Academic Authors Association,"1 Harrison Plaza, Florence, AL 35632, USA","{'lat': 34.8074692, 'lng': -87.68129379999999}"
162,162,Sheffield City School District,"2800 E 19th Ave, Sheffield, AL 35660, USA","{'lat': 34.7691688, 'lng': -87.6898533}"
163,163,St. Bernard Preparatory School,"1600 St Bernard Dr, Cullman, AL 35055, USA","{'lat': 34.176607, 'lng': -86.814453}"
164,164,W F Burns Junior High School,"202 1st Ave SE, La Fayette, AL 36862, USA","{'lat': 32.8992903, 'lng': -85.3984748}"
165,165,Trinity Presbyterian School,"1700 E Trinity Blvd, Montgomery, AL 36106, USA","{'lat': 32.3537144, 'lng': -86.23379299999999}"
166,166,Christ The King Catholic School,"356 Government St, Mobile, AL 36602, USA","{'lat': 30.689077, 'lng': -88.045568}"
167,167,Cullman High School,"510 13th St NE, Cullman, AL 35055, USA","{'lat': 34.1885944, 'lng': -86.8418216}"
168,168,Cottage Hill Christian Academy,"4255 Cottage Hill Rd, Mobile, AL 36609, USA","{'lat': 30.6490283, 'lng': -88.1556693}"
169,169,Ozark City School District,"1044 Andrews Ave, Ozark, AL 36360, USA","{'lat': 31.4348837, 'lng': -85.6462894}"
170,170,Andalusia Elementary School,"505 E 3 Notch St, Andalusia, AL 36420, USA","{'lat': 31.3090113, 'lng': -86.4767895}"
171,171,Grove City High School,"8787 US-431, Albertville, AL 35950, USA","{'lat': 34.2845706, 'lng': -86.2301444}"
172,172,Hot Springs High School,"Daphne, AL 36526, USA","{'lat': 30.6257115, 'lng': -87.8746146}"
173,173,Text and Academic Authors Association,"1 Harrison Plaza, Florence, AL 35632, USA","{'lat': 34.8074692, 'lng': -87.68129379999999}"
174,174,Daleville City Schools,"626 Daleville Ave, Daleville, AL 36322, USA","{'lat': 31.3162557, 'lng': -85.70867129999999}"
175,175,Ardmore High School,"30285 Ardmore Ave, Ardmore, AL 35739, USA","{'lat': 34.9883679, 'lng': -86.84771889999999}"
176,176,The Maine School of Science and Mathematics,"Gurley, AL, USA","{'lat': 34.7017558, 'lng': -86.3758201}"
177,177,CCBOE,"Cullman, AL 35056, USA","{'lat': 34.1692112, 'lng': -86.84791609999999}"
178,178,DCS Employee,"1625 Danville Rd SW, Decatur, AL 35601, USA","{'lat': 34.5795298, 'lng': -87.0071741}"
179,179,Mackrille Magnet School,"1304 Hughes Rd, Madison, AL 35758, USA","{'lat': 34.7425223, 'lng': -86.7424035}"
180,180,Mackrille Magnet School,"281 Dock Murphy Dr, Madison, AL 35756, USA","{'lat': 34.7345241, 'lng': -86.7794332}"
181,181,Mackrille Magnet School,"11775 County Line Rd, Madison, AL 35758, USA","{'lat': 34.7209841, 'lng': -86.783344}"
182,182,Mackrille Magnet School,"7855 Madison Pike, Madison, AL 35758, USA","{'lat': 34.70644, 'lng': -86.7137596}"
183,183,Mackrille Magnet School,"50 Nance Rd, Madison, AL 35758, USA","{'lat': 34.751241, 'lng': -86.7329117}"
184,184,Alabama Association of School Psychologists,"32 Vine St, Birmingham, AL 35213, USA","{'lat': 33.5017679, 'lng': -86.7538714}"
185,185,Alabama Association of School Psychologists,"Columbiana, AL 35051, USA","{'lat': 33.1781718, 'lng': -86.6072054}"
186,186,Alabama Association of School Psychologists,"601 1st St S, Alabaster, AL 35007, USA","{'lat': 33.237258, 'lng': -86.8134963}"
187,187,Alabama Association of School Psychologists,"205 Overbrook Rd, Birmingham, AL 35213, USA","{'lat': 33.4932723, 'lng': -86.7554439}"
188,188,Alabama Association of School Psychologists,"100 Calera Eagle Dr, Calera, AL 35040, USA","{'lat': 33.0921701, 'lng': -86.7672468}"
189,189,Alabama Association of School Psychologists,"3785 W Jackson Blvd, Mountain Brook, AL 35213, USA","{'lat': 33.5018529, 'lng': -86.7528028}"
190,190,Chapter IX of the Alabama Counseling,"305 E Stewart Ave, Opp, AL 36467, USA","{'lat': 31.2864589, 'lng': -86.250877}"
191,191,W F Burns Junior High School,"La Fayette, AL 36862, USA","{'lat': 32.899776, 'lng': -85.40115879999999}"
192,192,"Alabama Council on Human Relations, Inc.","319 W Glenn Ave, Auburn, AL 36830, USA","{'lat': 32.6087398, 'lng': -85.4861748}"
193,193,Houston Academy,"901 Buena Vista Dr, Dothan, AL 36303, USA","{'lat': 31.2446733, 'lng': -85.44972589999999}"
194,194,Alabama Council for Technology in Education,"6810 Whitesburg Dr, Huntsville, AL 35802, USA","{'lat': 34.6759672, 'lng': -86.5679093}"
195,195,FRANKTON LAPEL COMM SCHOOLS,"2011 20th St, Haleyville, AL 35565, USA","{'lat': 34.2255535, 'lng': -87.6048658}"
196,196,Alabama Council for Technology in Education,"3401 Holmes Ave NW, Huntsville, AL 35816, USA","{'lat': 34.7252248, 'lng': -86.61764339999999}"
197,197,The Alabama Music Teachers Association,"900 Arkadelphia Rd, Birmingham, AL 35254, USA","{'lat': 33.5159411, 'lng': -86.8510103}"
198,198,Whitesboro Elementary School,"3200 W Meighan Blvd, Gadsden, AL 35904, USA","{'lat': 34.0213678, 'lng': -86.0554298}"
199,199,Tuscaloosa County Schools,"2314 9th St, Tuscaloosa, AL 35401, USA","{'lat': 33.2065199, 'lng': -87.56618639999999}"
200,200,Morgan County Schools,"1325 Point Mallard Pkwy, Decatur, AL 35601, USA","{'lat': 34.5593288, 'lng': -86.96815749999999}"
201,201,Wenger Corporation,"1 Magnum Pass, Mobile, AL 36618, USA","{'lat': 30.7187196, 'lng': -88.2200991}"
202,202,The Alabama Music Teachers Association,"900 Arkadelphia Rd, Birmingham, AL 35254, USA","{'lat': 33.5148629, 'lng': -86.8559116}"
203,203,Alabama Association of School Boards,"6623 Roe Chandler Rd, Pinson, AL 35126, USA","{'lat': 33.6947234, 'lng': -86.60125529999999}"
204,204,The Alabama Music Teachers Association,"900 Arkadelphia Rd, Birmingham, AL 35254, USA","{'lat': 33.5148629, 'lng': -86.8559116}"
205,205,RHS Orchestra,"514 Clinton Ave W, Huntsville, AL 35801, USA","{'lat': 34.7286117, 'lng': -86.59245829999999}"
206,206,Council for Leaders in Alabama Schools,"500 Coffee Ave, Russellville, AL 35653, USA","{'lat': 34.5083073, 'lng': -87.7270161}"
207,207,The Alabama Music Teachers Association,"900 Arkadelphia Rd, Birmingham, AL 35254, USA","{'lat': 33.5148629, 'lng': -86.8559116}"
208,208,First United Methodist Church,"500 Dusy St, Dothan, AL 36301, USA","{'lat': 31.2187345, 'lng': -85.395309}"
209,209,Cherokee County High School,"130 E Main St, Centre, AL 35960, USA","{'lat': 34.151655, 'lng': -85.67874739999999}"
210,210,Mobile County Public School System,"Mobile Government Plaza, 205 Government St, Mobile, AL 36602, USA","{'lat': 30.6889908, 'lng': -88.04247749999999}"
211,211,Mobile County Public School System,"1 Magnum Pass, Mobile, AL 36618, USA","{'lat': 30.7187196, 'lng': -88.2200991}"
212,212,Whitesboro Elementary School,"1420 Church St, Boaz, AL 35956, USA","{'lat': 34.1759078, 'lng': -86.1226971}"
213,213,Whitesboro Elementary School,"5080 Leeth Gap Rd, Boaz, AL 35956, USA","{'lat': 34.164798, 'lng': -86.0692487}"
214,214,Whitesboro Elementary School,"5080 Leeth Gap Rd, Boaz, AL 35956, USA","{'lat': 34.164798, 'lng': -86.0692487}"
215,215,Whitesboro Elementary School,"1865 Appalachian Hwy, Gadsden, AL 35903, USA","{'lat': 34.0134353, 'lng': -85.8685436}"
216,216,St. Ignatius School,"3650 SpringHill Ave, Mobile, AL 36608, USA","{'lat': 30.70642299999999, 'lng': -88.14000449999999}"
217,217,Tallassee City School District,"850 Friendship Rd, Tallassee, AL 36078, USA","{'lat': 32.5362911, 'lng': -85.91272479999999}"
218,218,"Alabama Council on Human Relations, Inc.","Auburn, AL 36831, USA","{'lat': 32.52, 'lng': -85.47999999999999}"
219,219,Alabama Association of School Psychologists,"2500 Panther Cir, Pelham, AL 35124, USA","{'lat': 33.3101102, 'lng': -86.82223019999999}"
220,220,Regions Bank,"307 S Decatur St, Montgomery, AL 36104, USA","{'lat': 32.373982, 'lng': -86.3019755}"
221,221,Alabama Association of School Psychologists,"2800 Smokey Rd, Alabaster, AL 35007, USA","{'lat': 33.1764469, 'lng': -86.8086962}"
222,222,Wenger Corporation,"1567 E Dublin St, Mobile, AL 36605, USA","{'lat': 30.6693166, 'lng': -88.07368699999999}"
223,223,Homewood Middle School,"1901 S Lakeshore Dr, Birmingham, AL 35209, USA","{'lat': 33.4610786, 'lng': -86.79095889999999}"
224,224,Alabama Association of School Psychologists,"853 Willow Oak Dr, Hoover, AL 35244, USA","{'lat': 33.347534, 'lng': -86.80955320000001}"
225,225,Wenger Corporation,"Blackwell Nursery Rd, Semmes, AL 36575, USA","{'lat': 30.7849616, 'lng': -88.3017969}"
226,226,First Grade,"161 Dogwood Ln, Mobile, AL 36608, USA","{'lat': 30.6976731, 'lng': -88.1340953}"
227,227,National Association of Federal Education Program Administrators,"14380 US-231, Hazel Green, AL 35750, USA","{'lat': 34.9348281, 'lng': -86.5709862}"
228,228,National Association of Federal Education Program Administrators,"1997 Old Railroad Bed Rd, Harvest, AL 35749, USA","{'lat': 34.7895513, 'lng': -86.7835796}"
229,229,Wenger Corporation,"3956 Cottage Hill Rd, Mobile, AL 36609, USA","{'lat': 30.6540788, 'lng': -88.14122429999999}"
230,230,Mackrille Magnet School,"1304 Hughes Rd, Madison, AL 35758, USA","{'lat': 34.7425223, 'lng': -86.7424035}"
231,231,Mackrille Magnet School,"650 Hughes Rd, Madison, AL 35758, USA","{'lat': 34.7191349, 'lng': -86.7422009}"
232,232,Rotary,"1302 5th Ave SW, Decatur, AL 35601, USA","{'lat': 34.586737, 'lng': -86.993455}"
233,233,Madison City Schools,"4192 Sullivan St, Madison, AL 35758, USA","{'lat': 34.6942823, 'lng': -86.7516746}"
234,234,Norfolk Christian Schools,"2088 Woodlawn Dr SW, Huntsville, AL 35802, USA","{'lat': 34.6677108, 'lng': -86.579308}"
235,235,Richmond Hill High School,"340 Technacenter Dr, Montgomery, AL 36117, USA","{'lat': 32.373032, 'lng': -86.1283849}"
236,236,Lyons Township High School,"2315 Market Pl SW STE E, Huntsville, AL 35801, USA","{'lat': 34.7142449, 'lng': -86.5879143}"
237,237,Cullman City Schools,"301 1st St NE STE 100, Cullman, AL 35055, USA","{'lat': 34.1791827, 'lng': -86.8406992}"
238,238,Windrush School,"1715 Opelika Rd, Auburn, AL 36830, USA","{'lat': 32.6258543, 'lng': -85.44501199999999}"
239,239,Pell City School System,"1000 Bruce Etheredge Pkwy #201, Pell City, AL 35128, USA","{'lat': 33.5782732, 'lng': -86.27462249999999}"
240,240,Cherokee County High School,"130 E Main St, Centre, AL 35960, USA","{'lat': 34.151655, 'lng': -85.67874739999999}"
241,241,Cherokee County High School,"910 Warrior Dr, Centre, AL 35960, USA","{'lat': 34.1644102, 'lng': -85.6581574}"
242,242,McgillToolen High School (Inc),"1501 Old Shell Rd, Mobile, AL 36604, USA","{'lat': 30.6892674, 'lng': -88.0723447}"
243,243,Whitesboro Elementary School,"5425 Main St, Hokes Bluff, AL 35903, USA","{'lat': 33.9970016, 'lng': -85.86876439999999}"
244,244,Whitesboro Elementary School,"6795 AL-132, Altoona, AL 35952, USA","{'lat': 34.0301856, 'lng': -86.26261459999999}"
245,245,Whitesboro Elementary School,"3200 W Meighan Blvd, Gadsden, AL 35904, USA","{'lat': 34.0213678, 'lng': -86.0554298}"
246,246,The Independent School,"2201 Jack Warner Pkwy, Tuscaloosa, AL 35401, USA","{'lat': 33.2129422, 'lng': -87.56673649999999}"
247,247,Florence High School,"541 Riverview Dr, Florence, AL 35630, USA","{'lat': 34.7935464, 'lng': -87.6800487}"
248,248,St. Clair County Schools,"714 High School Dr, Moody, AL 35004, USA","{'lat': 33.6097994, 'lng': -86.46110569999999}"
249,249,Saint James School,"6010 Vaughn Rd, Montgomery, AL 36116, USA","{'lat': 32.3376509, 'lng': -86.20696199999999}"
250,250,Auburn City Schools,"405 S Dean Rd, Auburn, AL 36830, USA","{'lat': 32.5985598, 'lng': -85.4628987}"
251,251,Auburn City Schools,"Auburn, AL 36831, USA","{'lat': 32.52, 'lng': -85.47999999999999}"
252,252,Brownwood Elementary School,"102 Legion Dr, Scottsboro, AL 35768, USA","{'lat': 34.6508881, 'lng': -86.03965939999999}"
253,253,Brownwood Elementary School,"305 S Scott St, Scottsboro, AL 35768, USA","{'lat': 34.6705286, 'lng': -86.0301659}"
254,254,Bushland ISD,"3022 Holiday Dr SW, Huntsville, AL 35805, USA","{'lat': 34.7025836, 'lng': -86.6154967}"
255,255,Sonoma Country Day School,"2685 John D Odom Rd, Dothan, AL 36303, USA","{'lat': 31.2727684, 'lng': -85.4569774}"
256,256,CLEAR CREEK INDEPENDENT SCHOOL DISTRICT,"14221 Christian Acres Rd, Grand Bay, AL 36541, USA","{'lat': 30.484159, 'lng': -88.38038}"
257,257,Reicher Catholic High School,"Mt Olive, AL, USA","{'lat': 33.6709369, 'lng': -86.8561047}"
258,258,Coral Academy of Science,"82 Plantation Pointe Rd, Fairhope, AL 36532, USA","{'lat': 30.52502399999999, 'lng': -87.8842775}"
259,259,Oneonta City School District,"117 Water Ave, Selma, AL 36701, USA","{'lat': 32.4021545, 'lng': -87.0315641}"
260,260,St. Paul,"161 Dogwood Ln, Mobile, AL 36608, USA","{'lat': 30.6976731, 'lng': -88.1340953}"
261,261,Bibb County High School,"Truman Aldrich Pkwy, Alabama 35184, USA","{'lat': 33.0505077, 'lng': -87.134024}"
262,262,Montgomery Public Schools,"307 S Decatur St, Montgomery, AL 36104, USA","{'lat': 32.373982, 'lng': -86.3019755}"
263,263,Montgomery Public Schools,"307 S Decatur St, Montgomery, AL 36104, USA","{'lat': 32.373982, 'lng': -86.3019755}"
264,264,TCO Fly Shop Inc,"7155 Peppertree Ln, Montgomery, AL 36117, USA","{'lat': 32.3395682, 'lng': -86.1699737}"
265,265,Athens City Schools,"100 US-31, Athens, AL 35613, USA","{'lat': 34.8033631, 'lng': -86.9498997}"
266,266,Athens City Schools,"100 US-31, Athens, AL 35613, USA","{'lat': 34.8033631, 'lng': -86.9498997}"
267,267,Autauga County Schools,"153 W 4th St, Prattville, AL 36067, USA","{'lat': 32.46279010000001, 'lng': -86.4742417}"
268,268,Holy Family School,"2300 Beasley Ave NW, Huntsville, AL 35816, USA","{'lat': 34.734856, 'lng': -86.60336319999999}"
269,269,High Meadows,"23027 State Hwy 20, Tanner, AL 35671, USA","{'lat': 34.6284299, 'lng': -86.9151796}"
270,270,Brewton City Schools,"811 Belleville Ave, Brewton, AL 36426, USA","{'lat': 31.1181678, 'lng': -87.07343089999999}"
271,271,Marymount High School,"149 Old Big Cove Rd, Brownsboro, AL 35741, USA","{'lat': 34.6867106, 'lng': -86.5014313}"
272,272,Edgewood Academy,"5475 Elmore Rd, Elmore, AL 36025, USA","{'lat': 32.5467452, 'lng': -86.29254089999999}"
273,273,Gill St. Bernard's School,"600 Avalon Ave, Muscle Shoals, AL 35661, USA","{'lat': 34.7443744, 'lng': -87.6666738}"
274,274,The Denver School of Science and Technology,"1335 Anderson Rd, Montgomery, AL 36110, USA","{'lat': 32.4554548, 'lng': -86.2131974}"
275,275,RavenaCoeymansSelkirk Central School District,"Livingston, AL, USA","{'lat': 32.5843025, 'lng': -88.1872475}"
276,276,Talladega County Schools,"Waldo, AL 35161, USA","{'lat': 33.4358601, 'lng': -86.1024172}"
277,277,Thomasville City Schools,"750 Gates Dr, Thomasville, AL 36784, USA","{'lat': 31.8867201, 'lng': -87.73522539999999}"
278,278,Thomasville City Schools,"750 Gates Dr, Thomasville, AL 36784, USA","{'lat': 31.8867201, 'lng': -87.73522539999999}"
279,279,Teton County School District,"4986 AL-51, Opelika, AL 36804, USA","{'lat': 32.5849051, 'lng': -85.3710658}"
280,280,Bibb County High School,"17191 AL-5, West Blocton, AL 35184, USA","{'lat': 33.0515365, 'lng': -87.1357628}"
281,281,Shelley School District,"607 Happy Knoll Rd, Ashville, AL 35953, USA","{'lat': 33.798265, 'lng': -86.300461}"
282,282,St. Gregory College Preparatory School,"12475 US-90, Grand Bay, AL 36541, USA","{'lat': 30.4780111, 'lng': -88.3381637}"
283,283,Cristo Rey Jesuit High School,"2524 Enterprise Dr, Opelika, AL 36801, USA","{'lat': 32.6196811, 'lng': -85.4108894}"
284,284,Park Day School,"225 Wainscott Dr, Madison, AL 35757, USA","{'lat': 34.7936688, 'lng': -86.7292599}"
285,285,The Pike School,"3200 Rice Mine Rd NE, Tuscaloosa, AL 35406, USA","{'lat': 33.2471424, 'lng': -87.51257299999999}"
286,286,The Pike School,"5528 Eastcliff Industrial Loop, Birmingham, AL 35210, USA","{'lat': 33.5785212, 'lng': -86.6319391}"
287,287,Limestone County Schools,"300 S Jefferson St, Athens, AL 35611, USA","{'lat': 34.8009412, 'lng': -86.972889}"
288,288,Tuscaloosa Academy,"420 Rice Valley Rd N, Tuscaloosa, AL 35406, USA","{'lat': 33.2450826, 'lng': -87.54004309999999}"
289,289,Tuscaloosa Academy,"420 Rice Valley Rd N, Tuscaloosa, AL 35406, USA","{'lat': 33.2450826, 'lng': -87.54004309999999}"
290,290,Utica City School District,"1808 1st St NE, Center Point, AL 35215, USA","{'lat': 33.635205, 'lng': -86.6830428}"
291,291,Tuscaloosa County Schools,"Tuscaloosa, AL 35403, USA","{'lat': 33.2028687, 'lng': -87.5624363}"
292,292,Winfield City Schools,"Winfield, AL, USA","{'lat': 33.928993, 'lng': -87.8172457}"
293,293,Winfield City Schools,"161 Brook St, Winfield, AL 35594, USA","{'lat': 33.9333865, 'lng': -87.817976}"
294,294,Homewood Middle School,"395 Mecca Ave, Homewood, AL 35209, USA","{'lat': 33.4772552, 'lng': -86.81112859999999}"
295,295,Vestavia Hills City Schools,"2020 Pizitz Dr, Vestavia Hills, AL 35216, USA","{'lat': 33.4207477, 'lng': -86.79517000000001}"
296,296,Christ The King Catholic School,"Daphne, AL 36526, USA","{'lat': 30.6257115, 'lng': -87.8746146}"
297,297,Alabama Association of School Psychologists,"3785 Jackson Blvd, Mountain Brook, AL 35213, USA","{'lat': 33.5023926, 'lng': -86.7525474}"
298,298,Elba City Schools,"131 Tiger Dr, Elba, AL 36323, USA","{'lat': 31.4256723, 'lng': -86.1052373}"
299,299,Homewood Middle School,"213 Hall Ave, Birmingham, AL 35209, USA","{'lat': 33.4572361, 'lng': -86.8253288}"
300,300,Mackrille Magnet School,"11775 County Line Rd, Madison, AL 35758, USA","{'lat': 34.7209841, 'lng': -86.783344}"
301,301,Homewood Middle School,"901 College Ave, Birmingham, AL 35209, USA","{'lat': 33.4711735, 'lng': -86.8093239}"
302,302,Alabama Association of School Nurses,"Opelika, AL 36803, USA","{'lat': 32.65, 'lng': -85.36999999999999}"
303,303,Bluff City Elementary School,"420 Sanford Ave, Eufaula, AL 36027, USA","{'lat': 31.8971328, 'lng': -85.1511359}"
304,304,Bullock County Board Of Education Inc,"108 Hardaway Ave, Union Springs, AL 36089, USA","{'lat': 32.1448064, 'lng': -85.7169388}"
305,305,Morgan County Schools,"100 Cotaco School Rd, Somerville, AL 35670, USA","{'lat': 34.4745358, 'lng': -86.69706389999999}"
306,306,Bentonville Public School / Central Park Elementary,"1400 SW Liberty Ave, Bentonville, AR 72712, USA","{'lat': 36.3179288, 'lng': -94.2300514}"
307,307,Little Rock School District,"905 State Capitol, Little Rock, AR 72202, USA","{'lat': 34.741815, 'lng': -92.288472}"
308,308,K12 Inc,"709 S Old Missouri Rd, Springdale, AR 72764, USA","{'lat': 36.178196, 'lng': -94.1157594}"
309,309,Jonesboro Public Schools,"410 W Washington Ave, Jonesboro, AR 72401, USA","{'lat': 35.8393381, 'lng': -90.708264}"
310,310,Jonesboro Public Schools,"107 Flint St, Jonesboro, AR 72401, USA","{'lat': 35.8422713, 'lng': -90.71129119999999}"
311,311,Jonesboro Public Schools,"307 Vine St, Jonesboro, AR 72401, USA","{'lat': 35.8401445, 'lng': -90.7159798}"
312,312,Arkansas Baptist School System,"62 Pleasant Valley Dr, Little Rock, AR 72212, USA","{'lat': 34.77938779999999, 'lng': -92.4013295}"
313,313,Jonesboro Public Schools,"Jonesboro, AR 72403, USA","{'lat': 35.81404630000001, 'lng': -90.6766634}"
314,314,Johnson County Westside School District 40,"Thompson, Hartman, AR 72840, USA","{'lat': 35.4333911, 'lng': -93.61829209999999}"
315,315,Danville School District,"Danville, AR, USA","{'lat': 35.0539792, 'lng': -93.3935185}"
316,316,LEE ACADEMY,"973 Hwy 243 S, Marianna, AR 72360, USA","{'lat': 34.7147632, 'lng': -90.78606479999999}"
317,317,Little Rock School District,"3001 S Pulaski St, Little Rock, AR 72206, USA","{'lat': 34.7194488, 'lng': -92.2885881}"
318,318,Jonesboro Public Schools,"410 W Washington Ave, Jonesboro, AR 72401, USA","{'lat': 35.8393381, 'lng': -90.708264}"
319,319,Access Group Inc.,"10618 Breckenridge Dr, Little Rock, AR 72211, USA","{'lat': 34.764758, 'lng': -92.3914676}"
320,320,Valley View Public Schools,"2118 Valley View Dr, Jonesboro, AR 72404, USA","{'lat': 35.778486, 'lng': -90.73888769999999}"
321,321,Carl Stuart Middle School,"2220 Prince St, Conway, AR 72034, USA","{'lat': 35.0925981, 'lng': -92.4575955}"
322,322,Jonesboro Public Schools,"1001 Rosemond Ave, Jonesboro, AR 72401, USA","{'lat': 35.823553, 'lng': -90.7189903}"
323,323,Paragould School District 1,"1501 W Court St, Paragould, AR 72450, USA","{'lat': 36.0569766, 'lng': -90.50536939999999}"
324,324,Abundant Life School,"9200 AR-107, Sherwood, AR 72120, USA","{'lat': 34.8383772, 'lng': -92.2300449}"
325,325,Greenwood School Dist.,"420 N Main St, Greenwood, AR 72936, USA","{'lat': 35.2185974, 'lng': -94.2558404}"
326,326,Arkansas School for the Blind,"1616 Brookwood Dr, Little Rock, AR 72202, USA","{'lat': 34.76670620000001, 'lng': -92.3080674}"
327,327,Arkansas Baptist School System,"62 Pleasant Valley Dr, Little Rock, AR 72212, USA","{'lat': 34.77938779999999, 'lng': -92.4013295}"
328,328,Hughes School District,"Hughes, AR 72348, USA","{'lat': 34.9492613, 'lng': -90.4714905}"
329,329,Texarkana Arkansas School District 7,"3512 Grand Ave, Texarkana, AR 71854, USA","{'lat': 33.4571904, 'lng': -94.0322286}"
330,330,Ashdown Junior High School,"751 Rankin St, Ashdown, AR 71822, USA","{'lat': 33.6697406, 'lng': -94.12109439999999}"
331,331,Jonesboro Public Schools,"628 Burke Ave, Jonesboro, AR 72401, USA","{'lat': 35.8423436, 'lng': -90.7114911}"
332,332,Jonesboro Public Schools,"4216 Stadium Blvd, Jonesboro, AR 72404, USA","{'lat': 35.7915791, 'lng': -90.66933689999999}"
333,333,Farmington School District,"42 S Double Springs Rd, Farmington, AR 72730, USA","{'lat': 36.0544377, 'lng': -94.23453699999999}"
334,334,Fordyce School District 39,"100 Redbug Blvd, Fordyce, AR 71742, USA","{'lat': 33.8194791, 'lng': -92.4339971}"
335,335,Little Rock School District,"6501 W 32nd St, Little Rock, AR 72204, USA","{'lat': 34.7230101, 'lng': -92.3482454}"
336,336,STAR CITY SCHOOL DISTRICT 11,"206 Cleveland St, Star City, AR 71667, USA","{'lat': 33.9409688, 'lng': -91.8414459}"
337,337,Mena School District,"903 Industrial Park Rd, Mena, AR 71953, USA","{'lat': 34.5931894, 'lng': -94.21199299999999}"
338,338,Brandon Valley Baseball Association,"4507 W Kingshighway, Paragould, AR 72450, USA","{'lat': 36.06012279999999, 'lng': -90.5466344}"
339,339,Carl Stuart Middle School,"Conway, AR 72033, USA","{'lat': 35.089701, 'lng': -92.43924969999999}"
340,340,Magnolia School District 14,"1400 High School Dr, Magnolia, AR 71753, USA","{'lat': 33.2814774, 'lng': -93.2208663}"
341,341,Magnolia School District 14,"1400 High School Dr, Magnolia, AR 71753, USA","{'lat': 33.2814774, 'lng': -93.2208663}"
342,342,Ashdown Junior High School,"751 Rankin St, Ashdown, AR 71822, USA","{'lat': 33.6697406, 'lng': -94.12109439999999}"
343,343,Little Rock School District,"810 W Markham St, Little Rock, AR 72201, USA","{'lat': 34.7496868, 'lng': -92.2792954}"
344,344,Riverside School Supt,"601 Catfish Dr, Lake City, AR 72437, USA","{'lat': 35.81669979999999, 'lng': -90.4379}"
345,345,Jonesboro Public Schools,"515 W Washington Ave, Jonesboro, AR 72401, USA","{'lat': 35.8381396, 'lng': -90.7092284}"
346,346,Fordyce School District 39,"Fordyce, AR 71742, USA","{'lat': 33.8137161, 'lng': -92.4129303}"
347,347,Nashville School District,"600 N 4th St, Nashville, AR 71852, USA","{'lat': 33.9502329, 'lng': -93.8499039}"
348,348,Hot Springs High School,"701 Emory St, Hot Springs National Park, AR 71913, USA","{'lat': 34.4749441, 'lng': -93.07076819999999}"
349,349,Brinkley High School,"200 Tiger Drive, Brinkley, AR 72021, USA","{'lat': 34.8772255, 'lng': -91.19449159999999}"
350,350,Arkansas School for Mathematics Sciences and the Arts,"200 Whittington Ave, Hot Springs, AR 71901, USA","{'lat': 34.5180429, 'lng': -93.0578938}"
351,351,Searcy Special School District,"2323 S Main St, Searcy, AR 72143, USA","{'lat': 35.2185947, 'lng': -91.7329331}"
352,352,Brinkley High School,"Brinkley, AR 72021, USA","{'lat': 34.8878719, 'lng': -91.19456880000001}"
353,353,Hot Springs High School,"525 Hammond Dr, Hot Springs National Park, AR 71913, USA","{'lat': 34.4904328, 'lng': -93.0913587}"
354,354,Fayetteville Public Schools,"202 W Ila St, Fayetteville, AR 72701, USA","{'lat': 36.0711577, 'lng': -94.16195429999999}"
355,355,Hot Springs High School,"400 Linwood Ave, Hot Springs, AR 71913, USA","{'lat': 34.4975884, 'lng': -93.06129790000001}"
356,356,Ozark Adventist Academy,"Mt Pleasant, AR, USA","{'lat': 35.9617389, 'lng': -91.7556996}"
357,357,Hot Springs High School,"525 Hammond Dr, Hot Springs National Park, AR 71913, USA","{'lat': 34.4904328, 'lng': -93.0913587}"
358,358,Cave City School District,"Cave City, AR 72521, USA","{'lat': 35.9417397, 'lng': -91.5484709}"
359,359,Fayetteville Public Schools,"202 W Ila St, Fayetteville, AR 72701, USA","{'lat': 36.0711577, 'lng': -94.16195429999999}"
360,360,North Central Association of Schools for the Blind,"2600 W Markham St, Little Rock, AR 72205, USA","{'lat': 34.7527794, 'lng': -92.3031005}"
361,361,Hot Springs High School,"301 Oaklawn St, Hot Springs, AR 71913, USA","{'lat': 34.4832767, 'lng': -93.06442369999999}"
362,362,North Central Association of Schools for the Blind,"8700 Remount Rd, North Little Rock, AR 72199, USA","{'lat': 34.8405694, 'lng': -92.25957989999999}"
363,363,LAVACA ELEMENTARY SCHOOL,"Lavaca, AR 72941, USA","{'lat': 35.3362015, 'lng': -94.1732635}"
364,364,Conway Public School,"Buzz Bolding Arena, 2300 Prince St, Conway, AR 72034, USA","{'lat': 35.0936958, 'lng': -92.4565332}"
365,365,Southside High School,"4100 Gary St, Fort Smith, AR 72903, USA","{'lat': 35.3487729, 'lng': -94.3875498}"
366,366,KIPP DELTA COLLEGE PREPARATORY SCHOOL,"415 Ohio, Helena, AR 72342, USA","{'lat': 34.5266448, 'lng': -90.585346}"
367,367,Fayetteville Public Schools,"1000 W Stone St, Fayetteville, AR 72701, USA","{'lat': 36.0594299, 'lng': -94.17249629999999}"
368,368,Searcy Special School District,"801 N Elm St, Searcy, AR 72143, USA","{'lat': 35.2546208, 'lng': -91.7430069}"
369,369,Arkansas School For The Deaf,"2400 W Markham St, Little Rock, AR 72205, USA","{'lat': 34.7509074, 'lng': -92.3013213}"
370,370,South Conway County School District,"701 E Harding St, Morrilton, AR 72110, USA","{'lat': 35.1640454, 'lng': -92.7340961}"
371,371,Searcy Special School District,"163 Cloverdale Blvd, Searcy, AR 72143, USA","{'lat': 35.2474943, 'lng': -91.7132103}"
372,372,Ocean City Christian School,"812 Garrison Ave, Fort Smith, AR 72901, USA","{'lat': 35.3855642, 'lng': -94.4231327}"
373,373,Fayetteville Public Schools,"California, USA","{'lat': 36.778261, 'lng': -119.4179324}"
374,374,Arkansas Governor's Quiz Bowl Association,"3205 Jenny Lind Rd #1948, Fort Smith, AR 72901, USA","{'lat': 35.3508056, 'lng': -94.4115479}"
375,375,Arkansas Junior Cattlemen's Association,"1155 Pioneer Ln, Gentry, AR 72734, USA","{'lat': 36.2575301, 'lng': -94.4947558}"
376,376,SHERIDAN PUBLIC SCHOOL DIST,"800 Raider Dr, Searcy, AR 72143, USA","{'lat': 35.2546816, 'lng': -91.69011669999999}"
377,377,Dewitt School District 1,"1614 S Grandview Dr, DeWitt, AR 72042, USA","{'lat': 34.2771373, 'lng': -91.3487329}"
378,378,Arkansas Early Childhood Association,"400 NW 2nd St, Bentonville, AR 72712, USA","{'lat': 36.3732693, 'lng': -94.2122332}"
379,379,Cave City School District,"711 N Main St, Cave City, AR 72521, USA","{'lat': 35.9520104, 'lng': -91.54927769999999}"
380,380,BUFFALO RIVER REAL ESTATE,"Jasper, AR 72641, USA","{'lat': 36.0081324, 'lng': -93.18656589999999}"
381,381,National School Plant Management Association,"Russellville, AR 72811, USA","{'lat': 35.2769962, 'lng': -93.1319863}"
382,382,Hot Springs High School,"400 Linwood Ave, Hot Springs, AR 71913, USA","{'lat': 34.4975884, 'lng': -93.06129790000001}"
383,383,Episcopal Collegiate School,"1701 Cantrell Rd, Little Rock, AR 72201, USA","{'lat': 34.751956, 'lng': -92.2895119}"
384,384,Southwest Christian Academy Inc,"11301 Geyer Springs Rd, Little Rock, AR 72209, USA","{'lat': 34.6482545, 'lng': -92.3447727}"
385,385,DeWitt School District School,"W 1st St, DeWitt, AR 72042, USA","{'lat': 34.2942394, 'lng': -91.34011609999999}"
386,386,Fort Smith Public Schools,"3205 Jenny Lind Rd #1948, Fort Smith, AR 72901, USA","{'lat': 35.3508056, 'lng': -94.4115479}"
387,387,Hot Springs School District,"400 Linwood Ave, Hot Springs, AR 71913, USA","{'lat': 34.4975884, 'lng': -93.06129790000001}"
388,388,Fayetteville Public Schools,"1000 W Stone St, Fayetteville, AR 72701, USA","{'lat': 36.0594299, 'lng': -94.17249629999999}"
389,389,Fayetteville Public Schools,"1000 W Stone St, Fayetteville, AR 72701, USA","{'lat': 36.0594299, 'lng': -94.17249629999999}"
390,390,Little Rock School District,"10811 Mabelvale West Rd, Little Rock, AR 72210, USA","{'lat': 34.6545397, 'lng': -92.3992605}"
391,391,Clinton School District,"683 Yellowjacket Ln, Clinton, AR 72031, USA","{'lat': 35.5859549, 'lng': -92.4589814}"
392,392,Searcy Public School District,"801 N Elm St, Searcy, AR 72143, USA","{'lat': 35.2546208, 'lng': -91.7430069}"
393,393,Bourgade Catholic High School,"4602 N 31st Ave, Phoenix, AZ 85017, USA","{'lat': 33.5048119, 'lng': -112.1288631}"
394,394,Amphitheater District 10,"3401 E Wilds Rd, Tucson, AZ 85739, USA","{'lat': 32.4756147, 'lng': -110.9205799}"
395,395,Arizona Association of School Psychologists,"63 E Main St #301, Mesa, AZ 85201, USA","{'lat': 33.4147069, 'lng': -111.8292378}"
396,396,Amphitheater District 10,"1001 W Roger Rd, Tucson, AZ 85705, USA","{'lat': 32.2787342, 'lng': -110.9880128}"
397,397,St John Bosco Catholic School,"16035 S 48th St, Phoenix, AZ 85048, USA","{'lat': 33.301314, 'lng': -111.9789375}"
398,398,Arizona Association of School Psychologists,"1860 S Longmore, Mesa, AZ 85202, USA","{'lat': 33.3807785, 'lng': -111.8710182}"
399,399,Amphitheater District 10,"701 W Wetmore Rd, Tucson, AZ 85705, USA","{'lat': 32.2858639, 'lng': -110.9825175}"
400,400,Murphy School District,"2615 W Buckeye Rd, Phoenix, AZ 85009, USA","{'lat': 33.43632830000001, 'lng': -112.1167539}"
401,401,Arizona Association of School Psychologists,"3400 S Houghton Rd, Tucson, AZ 85730, USA","{'lat': 32.1818675, 'lng': -110.7741751}"
402,402,Amphitheater District 10,"25 W Calle Concordia, Oro Valley, AZ 85704, USA","{'lat': 32.3747007, 'lng': -110.9705821}"
403,403,Amphitheater District 10,"515 W Kelso St, Tucson, AZ 85705, USA","{'lat': 32.2551454, 'lng': -110.9812019}"
404,404,Maricopa High School,"42202 Rancho El Dorado Pkwy, Maricopa, AZ 85138, USA","{'lat': 33.0863266, 'lng': -112.0210424}"
405,405,SKYLINE SCHOOLS INC,"2020 N Arizona Ave, Chandler, AZ 85225, USA","{'lat': 33.3370988, 'lng': -111.8440962}"
406,406,Bourgade Catholic High School,"4602 N 31st Ave, Phoenix, AZ 85017, USA","{'lat': 33.5048119, 'lng': -112.1288631}"
407,407,Arizona Association of School Psychologists,"1624 W Adams St, Phoenix, AZ 85007, USA","{'lat': 33.449492, 'lng': -112.0947403}"
408,408,Amphitheater District 10,"25 W Calle Concordia, Oro Valley, AZ 85704, USA","{'lat': 32.3747007, 'lng': -110.9705821}"
409,409,Arizona Association of School Psychologists,"10100 E Adobe Rd, Mesa, AZ 85207, USA","{'lat': 33.4304105, 'lng': -111.6134382}"
410,410,Amphitheater District 10,"241 E Pastime Rd, Tucson, AZ 85705, USA","{'lat': 32.2765753, 'lng': -110.9681181}"
411,411,Amphitheater District 10,"5600 N La Cañada Dr, Tucson, AZ 85704, USA","{'lat': 32.3098179, 'lng': -110.9934616}"
412,412,ESPERERO CANYON MIDDLE SCHOOL,"2101 E River Rd, Tucson, AZ 85718, USA","{'lat': 32.2872031, 'lng': -110.9401622}"
413,413,Arizona Association of School Psychologists,"1624 W Adams St, Phoenix, AZ 85007, USA","{'lat': 33.449492, 'lng': -112.0947403}"
414,414,Arizona Association of School Psychologists,"63 E Main St, Mesa, AZ 85201, USA","{'lat': 33.4147069, 'lng': -111.8292378}"
415,415,Arizona Association of School Psychologists,"1001 N Power Rd, Mesa, AZ 85205, USA","{'lat': 33.4339495, 'lng': -111.6832136}"
416,416,Arizona Association of School Psychologists,"855 W 8th Ave, Mesa, AZ 85210, USA","{'lat': 33.3999499, 'lng': -111.8495589}"
417,417,Amphitheater District 10,"1351 E Limberlost Dr, Tucson, AZ 85719, USA","{'lat': 32.2834777, 'lng': -110.951432}"
418,418,Amphitheater District 10,"5940 N San Joaquin Ave, Tucson, AZ 85741, USA","{'lat': 32.315194, 'lng': -111.0156294}"
419,419,Amphitheater District 10,"515 W Kelso St, Tucson, AZ 85705, USA","{'lat': 32.2551454, 'lng': -110.9812019}"
420,420,GreatSchools Inc,"108 N 40th St, Phoenix, AZ 85034, USA","{'lat': 33.4507462, 'lng': -111.9968639}"
421,421,Amphitheater District 10,"1980 W Hospital Dr, Tucson, AZ 85704, USA","{'lat': 32.3195257, 'lng': -111.0094354}"
422,422,Amphitheater District 10,"2330 W Glover Rd, Oro Valley, AZ 85742, USA","{'lat': 32.4184517, 'lng': -111.0181908}"
423,423,Amphitheater District 10,"1610 W Avocado St, Tucson, AZ 85704, USA","{'lat': 32.3611715, 'lng': -111.0010759}"
424,424,Amphitheater District 10,"2040 W Omar Dr, Tucson, AZ 85704, USA","{'lat': 32.3329821, 'lng': -111.0124393}"
425,425,Bourgade Catholic High School,"4602 N 31st Ave, Phoenix, AZ 85017, USA","{'lat': 33.5048119, 'lng': -112.1288631}"
426,426,Amphitheater District 10,"3401 E Wilds Rd, Tucson, AZ 85739, USA","{'lat': 32.4756147, 'lng': -110.9205799}"
427,427,Maricopa High School,"44150 W Maricopa-Casa Grande Hwy, Maricopa, AZ 85138, USA","{'lat': 33.0548611, 'lng': -112.0417685}"
428,428,Amphitheater District 10,"3401 E Wilds Rd, Tucson, AZ 85739, USA","{'lat': 32.4756147, 'lng': -110.9205799}"
429,429,Tucson Unified School District,"4850 S Park Ave, Tucson, AZ 85714, USA","{'lat': 32.16404900000001, 'lng': -110.958301}"
430,430,Dysart Unified School District,"15802 N Parkview Pl, Surprise, AZ 85374, USA","{'lat': 33.6278828, 'lng': -112.3845493}"
431,431,Sacaton Public Schools,"Sacaton, AZ, USA","{'lat': 33.0767225, 'lng': -111.7392993}"
432,432,"SEQUOIA CHOICE S, LLLP","1460 S Horne, Mesa, AZ 85204, USA","{'lat': 33.3876132, 'lng': -111.8163589}"
433,433,Washington Elementary School District,"Washington School District #6, 4650 W Sweetwater Ave, Glendale, AZ 85304, USA","{'lat': 33.60432249999999, 'lng': -112.1596016}"
434,434,Tolleson Union High School District,"9801 W Van Buren St, Tolleson, AZ 85353, USA","{'lat': 33.4498525, 'lng': -112.2693713}"
435,435,Creighton School District,"2702 E Flower St, Phoenix, AZ 85016, USA","{'lat': 33.4858625, 'lng': -112.0228122}"
436,436,Marana Unified School Dst 6,"11279 W Grier Rd, Marana, AZ 85653, USA","{'lat': 32.4531616, 'lng': -111.2075828}"
437,437,Avondale Elementary School,"235 W Western Ave, Avondale, AZ 85323, USA","{'lat': 33.4350534, 'lng': -112.3515427}"
438,438,Marana Unified School Dst 6,"11279 W Grier Rd, Marana, AZ 85653, USA","{'lat': 32.4531616, 'lng': -111.2075828}"
439,439,Mesa Public Schools,"549 N Stapley Dr, Mesa, AZ 85203, USA","{'lat': 33.4255398, 'lng': -111.8046387}"
440,440,Higley Unified School District 60,"4351 S Ranch House Pkwy, Gilbert, AZ 85297, USA","{'lat': 33.2722492, 'lng': -111.6967215}"
441,441,Higley Unified School District 60,"3333 E Vest Ave, Gilbert, AZ 85295, USA","{'lat': 33.310509, 'lng': -111.7032174}"
442,442,Washington Elementary School District,"12835 N 33rd Ave, Phoenix, AZ 85029, USA","{'lat': 33.6028713, 'lng': -112.1292357}"
443,443,Kingman Unified School District,"400 Grandview Ave, Kingman, AZ 86401, USA","{'lat': 35.1917804, 'lng': -114.0593}"
444,444,Higley Unified School District 60,"2935 S Recker Rd, Gilbert, AZ 85295, USA","{'lat': 33.2973616, 'lng': -111.7020033}"
445,445,Washington Elementary School District,"Washington School District #6, 4650 W Sweetwater Ave, Glendale, AZ 85304, USA","{'lat': 33.60432249999999, 'lng': -112.1596016}"
446,446,Santa Cruz Valley H S Dist 840,"900 N Main St, Eloy, AZ 85131, USA","{'lat': 32.7588812, 'lng': -111.5565186}"
447,447,Dysart Unified School District,"15802 N Parkview Pl, Surprise, AZ 85374, USA","{'lat': 33.6278828, 'lng': -112.3845493}"
448,448,St. Michael,"602 N Wilmot Rd, Tucson, AZ 85710, USA","{'lat': 32.2285435, 'lng': -110.857108}"
449,449,Prescott Unified School District,"1800 N Williamson Valley Rd, Prescott, AZ 86305, USA","{'lat': 34.5848361, 'lng': -112.5001895}"
450,450,Mesa Public Schools,"63 E Main St, Mesa, AZ 85201, USA","{'lat': 33.4147069, 'lng': -111.8292378}"
451,451,Rose Management Inc,"326 W Fort Lowell Rd, Tucson, AZ 85705, USA","{'lat': 32.2655218, 'lng': -110.9763047}"
452,452,Prescott Unified School District,"146 S Granite St, Prescott, AZ 86303, USA","{'lat': 34.540356, 'lng': -112.4720326}"
453,453,Union Elementary School District,"3834 S 91st Ave, Tolleson, AZ 85353, USA","{'lat': 33.4109, 'lng': -112.256393}"
454,454,Camelback Academy,"7634 W Camelback Rd, Glendale, AZ 85303, USA","{'lat': 33.5093444, 'lng': -112.2239646}"
455,455,Creighton School District,"2802 E McDowell Rd, Phoenix, AZ 85008, USA","{'lat': 33.4674445, 'lng': -112.0204369}"
456,456,Phoenix Elementary School,"1817 N 7th St, Phoenix, AZ 85006, USA","{'lat': 33.4687977, 'lng': -112.0643575}"
457,457,Tolleson Union High School District,"6228 W North Ln, Glendale, AZ 85302, USA","{'lat': 33.581549, 'lng': -112.1933435}"
458,458,Madison Metropolitan School District,"5601 N 16th St, Phoenix, AZ 85016, USA","{'lat': 33.5177398, 'lng': -112.0454014}"
459,459,Kyrene School District,"8700 S Kyrene Rd, Tempe, AZ 85284, USA","{'lat': 33.3351315, 'lng': -111.9465628}"
460,460,Tucson Unified School District,"3950 E Paradise Falls Dr, Tucson, AZ 85712, USA","{'lat': 32.2697594, 'lng': -110.9081927}"
461,461,Mesa Public Schools,"10100 E Adobe Rd, Mesa, AZ 85207, USA","{'lat': 33.4304105, 'lng': -111.6134382}"
462,462,Marana Unified School Dst 6,"9230 N Macaw Pl, Tucson, AZ 85742, USA","{'lat': 32.3741314, 'lng': -111.0637848}"
463,463,Phoenix Elementary School,"1817 N 7th St, Phoenix, AZ 85006, USA","{'lat': 33.4687977, 'lng': -112.0643575}"
464,464,Dysart Unified School District,"11405 N Dysart Rd, El Mirage, AZ 85335, USA","{'lat': 33.5900531, 'lng': -112.3378738}"
465,465,Acadamy with Community Partners,"433 N Hall, Mesa, AZ 85203, USA","{'lat': 33.4235275, 'lng': -111.7931182}"
466,466,Higley Unified School District 60,"3333 E Vest Ave, Gilbert, AZ 85295, USA","{'lat': 33.310509, 'lng': -111.7032174}"
467,467,Tucson Unified School District,"1010 E 10th St, Tucson, AZ 85719, USA","{'lat': 32.2221191, 'lng': -110.9558328}"
468,468,Nogales Unified School,"310 W Plum St, Nogales, AZ 85621, USA","{'lat': 31.3406077, 'lng': -110.9406849}"
469,469,Mesa Public Schools,"63 E Main St, Mesa, AZ 85201, USA","{'lat': 33.4147069, 'lng': -111.8292378}"
470,470,Altar Valley School District,"Tucson, AZ 85736, USA","{'lat': 31.9340627, 'lng': -111.2606554}"
471,471,East Valley Institute of Technology,"1601 W Main St, Mesa, AZ 85202, USA","{'lat': 33.4138146, 'lng': -111.8625876}"
472,472,Tolleson Union High School District,"9419 W Van Buren St, Tolleson, AZ 85353, USA","{'lat': 33.448735, 'lng': -112.2644814}"
473,473,Casa Grande Union High School District,"2730 N Trekell Rd, Casa Grande, AZ 85122, USA","{'lat': 32.934417, 'lng': -111.7368725}"
474,474,Gadsden Elementary School District 32,"San Luis, AZ 85349, USA","{'lat': 32.4908343, 'lng': -114.7677196}"
475,475,Avondale Elementary School,"235 W Western Ave, Avondale, AZ 85323, USA","{'lat': 33.4350534, 'lng': -112.3515427}"
476,476,Csi Valley Christian High Sch,"6900 W Galveston St, Chandler, AZ 85226, USA","{'lat': 33.3134386, 'lng': -111.9605398}"
477,477,Mohave Valley Elementary School District 16,"Mohave Valley, AZ 86446, USA","{'lat': 34.93, 'lng': -114.59}"
478,478,Kyrene School District,"8700 S Kyrene Rd, Tempe, AZ 85284, USA","{'lat': 33.3351315, 'lng': -111.9465628}"
479,479,Mesa Public Schools,"63 E Main St #101, Mesa, AZ 85201, USA","{'lat': 33.414705, 'lng': -111.829292}"
480,480,Dysart Unified School District,"15802 N Parkview Pl, Surprise, AZ 85374, USA","{'lat': 33.6278828, 'lng': -112.3845493}"
481,481,Madison Metropolitan School District,"5601 N 16th St, Phoenix, AZ 85016, USA","{'lat': 33.5177398, 'lng': -112.0454014}"
482,482,ROOSEVELT SCHOOL DISTRICT 66,"4502 N Central Ave, Phoenix, AZ 85012, USA","{'lat': 33.5023003, 'lng': -112.0741848}"
483,483,Arizona Charter Academy,"Surprise, AZ 85378, USA","{'lat': 33.6378188, 'lng': -112.3158945}"
484,484,"SEQUOIA CHOICE S, LLLP","2542 N 76th Pl, Mesa, AZ 85207, USA","{'lat': 33.46160920000001, 'lng': -111.666189}"
485,485,East Valley Institute of Technology,"1601 W Main St, Mesa, AZ 85202, USA","{'lat': 33.4138146, 'lng': -111.8625876}"
486,486,Cedar Hills School,"9501 Nellie Dr, Kingman, AZ 86401, USA","{'lat': 35.173719, 'lng': -113.7789942}"
487,487,Dysart Unified School District,"11405 N Dysart Rd, El Mirage, AZ 85335, USA","{'lat': 33.5900531, 'lng': -112.3378738}"
488,488,Prescott Unified School District,"300 E Gurley St, Prescott, AZ 86301, USA","{'lat': 34.5423444, 'lng': -112.4651411}"
489,489,Arizona School Boards Association,"Bullhead City, AZ, USA","{'lat': 35.1359386, 'lng': -114.5285981}"
490,490,Sacaton Public Schools,"Sacaton, AZ, USA","{'lat': 33.0767225, 'lng': -111.7392993}"
491,491,Mesa Public Schools,"63 E Main St #101, Mesa, AZ 85201, USA","{'lat': 33.414705, 'lng': -111.829292}"
492,492,Our Lady Of Joy Parish,"Carefree, AZ 85377, USA","{'lat': 33.8232982, 'lng': -111.9149875}"
493,493,Altar Valley School District,"W Ajo Way, Tucson, AZ, USA","{'lat': 32.17786, 'lng': -110.9989353}"
494,494,Buckeye Elementary School District,"210 S 6th St, Buckeye, AZ 85326, USA","{'lat': 33.3701438, 'lng': -112.5823649}"
495,495,Chandler Unified School District,"1255 N Dobson Rd, Chandler, AZ 85224, USA","{'lat': 33.3255979, 'lng': -111.8752894}"
496,496,Mesa Public Schools,"549 N Stapley Dr, Mesa, AZ 85203, USA","{'lat': 33.4255398, 'lng': -111.8046387}"
497,497,Kingman Unified School District,"4182 N Bank St, Kingman, AZ 86409, USA","{'lat': 35.2437222, 'lng': -114.0078352}"
